year,state,district,candidate,party,candidatevotes,totalvotes
1978,ALABAMA,1,JACK EDWARDS,REPUBLICAN,71711,112161
1978,ALABAMA,1,L W NOONAN,DEMOCRAT,40450,112161
1978,ALABAMA,2,WENDELL MITCHELL,DEMOCRAT,49341,107265
1978,ALABAMA,2,"WILLIAM L ""BILL"" DICKINSON",REPUBLICAN,57924,107265
1978,ALABAMA,3,BILL NICHOLS,DEMOCRAT,74895,74897
1978,ALABAMA,3,WRITEIN,,2,74897
1978,ALABAMA,4,TOM BEVILL,DEMOCRAT,87380,87381
1978,ALABAMA,4,WRITEIN,,1,87381
1978,ALABAMA,5,HARVEY NICHOLAS CRUMHORN,LIBERTARIAN,2250,71236
1978,ALABAMA,5,RONNIE G FLIPPO,DEMOCRAT,68985,71236
1978,ALABAMA,5,WRITEIN,,1,71236
1978,ALABAMA,6,DON HAWKINS,DEMOCRAT,40771,106471
1978,ALABAMA,6,JOHN H BUCHANAN JR,REPUBLICAN,65700,106471
1978,ALABAMA,7,FULTON GRAY,CONSERVATIVE,3285,82868
1978,ALABAMA,7,JIM SCRUGGS,REPUBLICAN,1841,82868
1978,ALABAMA,7,RICHARD C SHELBY,DEMOCRAT,77742,82868
1978,ALASKA,0,DON YOUNG,REPUBLICAN,68811,124187
1978,ALASKA,0,PATRICK RODEY,DEMOCRAT,55176,124187
1978,ALASKA,0,WRITEIN,,200,124187
1978,ARIZONA,1,JOHN J RHODES,REPUBLICAN,81108,114286
1978,ARIZONA,1,KEN GRAVES,DEMOCRAT,33178,114286
1978,ARIZONA,2,BETSY MCDONALD,SOCIALIST WORKERS,1220,129197
1978,ARIZONA,2,JOE BACH,LIBERTARIAN,1402,129197
1978,ARIZONA,2,MORRIS K UDALL,DEMOCRAT,67878,129197
1978,ARIZONA,2,TOM RICHEY,REPUBLICAN,58697,129197
1978,ARIZONA,3,BOB STUMP,DEMOCRAT,111850,131663
1978,ARIZONA,3,KATHLEEN COOKE,LIBERTARIAN,19813,131663
1978,ARIZONA,4,ELDON RUDD,REPUBLICAN,90768,143836
1978,ARIZONA,4,LAWRENCE W JEROME,LIBERTARIAN,4407,143836
1978,ARIZONA,4,MICHAEL MCCORMICK,DEMOCRAT,48661,143836
1978,ARKANSAS,1,BILL ALEXANDER,DEMOCRAT,1,1
1978,ARKANSAS,2,BENTON DOUGLAS BRANDON JR,DEMOCRAT,62140,127425
1978,ARKANSAS,2,EDWIN R BETHUNE JR,REPUBLICAN,65285,127425
1978,ARKANSAS,3,JOHN PAUL HAMMERSCHMIDT,REPUBLICAN,130086,165834
1978,ARKANSAS,3,WILLIAM CURTIS MEARS,DEMOCRAT,35748,165834
1978,ARKANSAS,4,BERYL ANTHONY JR,DEMOCRAT,1,1
1978,CALIFORNIA,1,HAROLD T JOHNSON,DEMOCRAT,125122,210812
1978,CALIFORNIA,1,JAMES E TAYLOR,REPUBLICAN,85690,210812
1978,CALIFORNIA,2,DON H CLAUSEN,REPUBLICAN,114451,220260
1978,CALIFORNIA,2,IRV SUTLEY,PEACE AND FREEDOM,6097,220260
1978,CALIFORNIA,2,NORMA BORK,DEMOCRAT,99712,220260
1978,CALIFORNIA,3,ROBERT T MATSUI,DEMOCRAT,105537,197503
1978,CALIFORNIA,3,SANDY SMOLEY,REPUBLICAN,91966,197503
1978,CALIFORNIA,4,REX HIME,REPUBLICAN,70733,158497
1978,CALIFORNIA,4,VIC FAZIO,DEMOCRAT,87764,158497
1978,CALIFORNIA,5,DOLORES SKORE,REPUBLICAN,52603,158649
1978,CALIFORNIA,5,JOHN L BURTON,DEMOCRAT,106046,158649
1978,CALIFORNIA,6,PHILLIP BURTON,DEMOCRAT,81801,119768
1978,CALIFORNIA,6,RAYMOND O HEAPS,AMERICAN INDEPENDENT,4452,119768
1978,CALIFORNIA,6,TOM SPINOSA,REPUBLICAN,33515,119768
1978,CALIFORNIA,7,GEORGE MILLER,DEMOCRAT,109676,172865
1978,CALIFORNIA,7,MELVIN E STANLEY,AMERICAN INDEPENDENT,4857,172865
1978,CALIFORNIA,7,PAULA GORDON,REPUBLICAN,58332,172865
1978,CALIFORNIA,8,CHARLES V HUGHES,REPUBLICAN,70481,165305
1978,CALIFORNIA,8,RONALD V DELLUMS,DEMOCRAT,94824,165305
1978,CALIFORNIA,9,FORTNEY H STARK JR,DEMOCRAT,88179,134879
1978,CALIFORNIA,9,LAWRENCE J PHILLIPS,PEACE AND FREEDOM,5562,134879
1978,CALIFORNIA,9,ROBERT S ALLEN,REPUBLICAN,41138,134879
1978,CALIFORNIA,10,DON EDWARDS,DEMOCRAT,84488,125862
1978,CALIFORNIA,10,RUDY HANSEN,REPUBLICAN,41374,125862
1978,CALIFORNIA,11,DAVE WELCH,REPUBLICAN,54621,153464
1978,CALIFORNIA,11,LEO J RYAN,DEMOCRAT,92882,153464
1978,CALIFORNIA,11,NICHOLAS WAEIL KUDROVZEFF,AMERICAN INDEPENDENT,5961,153464
1978,CALIFORNIA,12,ADELE FUMINO,PEACE AND FREEDOM,3022,160085
1978,CALIFORNIA,12,HAROLD R BOYLAN,AMERICAN INDEPENDENT,5609,160085
1978,CALIFORNIA,12,KIRSTEN OLSEN,DEMOCRAT,34472,160085
1978,CALIFORNIA,12,PAUL N MCCLOSKEY JR,REPUBLICAN,116982,160085
1978,CALIFORNIA,13,DAN O'KEEFE,REPUBLICAN,69306,175361
1978,CALIFORNIA,13,NORMAN Y MINETA,DEMOCRAT,100809,175361
1978,CALIFORNIA,13,ROBERT GOLDSBOROUGH III,PEACE AND FREEDOM,5246,175361
1978,CALIFORNIA,14,GEORGE DAROLD WALDRON,AMERICAN INDEPENDENT,7163,179727
1978,CALIFORNIA,14,JOHN J MCFALL,DEMOCRAT,76602,179727
1978,CALIFORNIA,14,NORMAN D SHUMWAY,REPUBLICAN,95962,179727
1978,CALIFORNIA,15,CHRIS PATTERAKIS,REPUBLICAN,49914,125126
1978,CALIFORNIA,15,TONY COELHO,DEMOCRAT,75212,125126
1978,CALIFORNIA,16,ERIC SEASTRAND,REPUBLICAN,65808,170358
1978,CALIFORNIA,16,LEON E PANETTA,DEMOCRAT,104550,170358
1978,CALIFORNIA,17,CHARLES PASHAYAN JR,REPUBLICAN,81296,149181
1978,CALIFORNIA,17,JOHN KREBS,DEMOCRAT,67885,149181
1978,CALIFORNIA,18,BOB SOGGE,DEMOCRAT,58900,144563
1978,CALIFORNIA,18,WILLIAM M THOMAS,REPUBLICAN,85663,144563
1978,CALIFORNIA,19,JERRY ZAMOS,DEMOCRAT,41672,171751
1978,CALIFORNIA,19,MILTON SHIRO TAKEI,PEACE AND FREEDOM,6887,171751
1978,CALIFORNIA,19,ROBERT J LAGOMARSINO,REPUBLICAN,123192,171751
1978,CALIFORNIA,20,BARRY M GOLDWATER,REPUBLICAN,129714,195409
1978,CALIFORNIA,20,PAT LEAR,DEMOCRAT,65695,195409
1978,CALIFORNIA,21,BILL HILL,PEACE AND FREEDOM,5750,124138
1978,CALIFORNIA,21,JAMES C CORMAN,DEMOCRAT,73869,124138
1978,CALIFORNIA,21,ROD WALSH,REPUBLICAN,44519,124138
1978,CALIFORNIA,22,CARLOS J MOORHEAD,REPUBLICAN,99502,153944
1978,CALIFORNIA,22,ROBERT S HENRY,DEMOCRAT,54442,153944
1978,CALIFORNIA,23,ANTHONY C BEILENSON,DEMOCRAT,117498,178994
1978,CALIFORNIA,23,JOSEPH BARBARA,REPUBLICAN,61496,178994
1978,CALIFORNIA,24,HENRY A WAXMAN,DEMOCRAT,85075,135771
1978,CALIFORNIA,24,HOWARD G SCHAEFER,REPUBLICAN,44243,135771
1978,CALIFORNIA,24,KEVIN CASEY PETERS,PEACE AND FREEDOM,6453,135771
1978,CALIFORNIA,25,EDWARD R ROYBAL,DEMOCRAT,45881,68086
1978,CALIFORNIA,25,ROBERT K WATSON,REPUBLICAN,22205,68086
1978,CALIFORNIA,26,JOHN H ROUSSELOT,REPUBLICAN,113059,113059
1978,CALIFORNIA,27,CAREY PEEK,DEMOCRAT,85880,175272
1978,CALIFORNIA,27,ROBERT K DORNAN,REPUBLICAN,89392,175272
1978,CALIFORNIA,28,JULIAN C DIXON,DEMOCRAT,97592,97592
1978,CALIFORNIA,29,AUGUSTUS G HAWKINS,DEMOCRAT,65214,76726
1978,CALIFORNIA,29,URIAH J FIELDS,REPUBLICAN,11512,76726
1978,CALIFORNIA,30,GEORGE E DANIELSON,DEMOCRAT,66241,92752
1978,CALIFORNIA,30,HENRY ARES,REPUBLICAN,26511,92752
1978,CALIFORNIA,31,CHARLES H WILSON,DEMOCRAT,55667,82157
1978,CALIFORNIA,31,DON GRIMSHAW,REPUBLICAN,26490,82157
1978,CALIFORNIA,32,GLENN M ANDERSON,DEMOCRAT,74004,103609
1978,CALIFORNIA,32,IDA BADER,AMERICAN INDEPENDENT,6363,103609
1978,CALIFORNIA,32,SONYA MATHISON,REPUBLICAN,23242,103609
1978,CALIFORNIA,33,DENNIS S KAZARIAN,DEMOCRAT,62540,142073
1978,CALIFORNIA,33,WAYNE GRISHAM,REPUBLICAN,79533,142073
1978,CALIFORNIA,34,DAN LUNGREN,REPUBLICAN,90554,168572
1978,CALIFORNIA,34,LAWRENCE JOHN STAFFORD,AMERICAN INDEPENDENT,4410,168572
1978,CALIFORNIA,34,MARK HANNAFORD,DEMOCRAT,73608,168572
1978,CALIFORNIA,35,DAVID DREIER,REPUBLICAN,68442,148830
1978,CALIFORNIA,35,JIM LLOYD,DEMOCRAT,80388,148830
1978,CALIFORNIA,36,DANA WARREN CARMODY,REPUBLICAN,47417,127865
1978,CALIFORNIA,36,GEORGE E BROWN JR,DEMOCRAT,80448,127865
1978,CALIFORNIA,37,BERNARD WAHL,AMERICAN INDEPENDENT,6544,173588
1978,CALIFORNIA,37,DAN CORCORAN,DEMOCRAT,60463,173588
1978,CALIFORNIA,37,JERRY LEWIS,REPUBLICAN,106581,173588
1978,CALIFORNIA,38,DAN GOEDEKE,REPUBLICAN,53298,128769
1978,CALIFORNIA,38,JERRY M PATTERSON,DEMOCRAT,75471,128769
1978,CALIFORNIA,39,WILLIAM E DANNEMEYER,REPUBLICAN,112160,176051
1978,CALIFORNIA,39,WILLIAM E FARRIS,DEMOCRAT,63891,176051
1978,CALIFORNIA,40,JIM MCGUY,DEMOCRAT,76358,224240
1978,CALIFORNIA,40,ROBERT E BADHAM,REPUBLICAN,147882,224240
1978,CALIFORNIA,41,BOB WILSON,REPUBLICAN,107685,185225
1978,CALIFORNIA,41,KING GOLDEN JR,DEMOCRAT,77540,185225
1978,CALIFORNIA,42,LAWRENCE C MATTERA,REPUBLICAN,30319,115445
1978,CALIFORNIA,42,LIONEL VAN DEERLIN,DEMOCRAT,85126,115445
1978,CALIFORNIA,43,CLAIR W BURGENER,REPUBLICAN,167150,243458
1978,CALIFORNIA,43,RUBEN B BROOKS,DEMOCRAT,76308,243458
1978,COLORADO,1,GENE HUTCHESON,REPUBLICAN,49845,134630
1978,COLORADO,1,PAT SCHROEDER,DEMOCRAT,82742,134630
1978,COLORADO,1,SUSAN LORRAINE,SOCIALIST WORKERS,2043,134630
1978,COLORADO,2,ED SCOTT,REPUBLICAN,88072,186961
1978,COLORADO,2,TIM WIRTH,DEMOCRAT,98889,186961
1978,COLORADO,3,HAROLD L MCCORMICK,REPUBLICAN,69303,141442
1978,COLORADO,3,HENRY JOHN OLSHAW,INDEPENDENT,2470,141442
1978,COLORADO,3,RAY KOGOVSEK,DEMOCRAT,69669,141442
1978,COLORADO,4,"JAMES P ""JIM"" JOHNSON",REPUBLICAN,103121,168542
1978,COLORADO,4,MORGAN SMITH,DEMOCRAT,65421,168542
1978,COLORADO,5,GERRY FRANK,DEMOCRAT,52914,153780
1978,COLORADO,5,KEN KRAMER,REPUBLICAN,91933,153780
1978,COLORADO,5,L W DAN BRIDGES,INDEPENDENT,8933,153780
1978,CONNECTICUT,1,BEN F ANDREWS JR,REPUBLICAN,67828,172564
1978,CONNECTICUT,1,DONNA C MCDONOUGH,UNITED STATES LABOR,1965,172564
1978,CONNECTICUT,1,WILLIAM R COTTER,DEMOCRAT,102749,172564
1978,CONNECTICUT,1,WRITEIN,,22,172564
1978,CONNECTICUT,2,CHRISTOPHER J DODD,DEMOCRAT,116624,166814
1978,CONNECTICUT,2,THOMAS HUDSON CONNELL,REPUBLICAN,50167,166814
1978,CONNECTICUT,2,WRITEIN,,23,166814
1978,CONNECTICUT,3,JOELLE R FISHMAN,COMMUNIST,3068,166587
1978,CONNECTICUT,3,JOHN G PUCCIANO,REPUBLICAN,66663,166587
1978,CONNECTICUT,3,ROBERT N GIAIMO,DEMOCRAT,96830,166587
1978,CONNECTICUT,3,WRITEIN,,26,166587
1978,CONNECTICUT,4,MICHAEL G MORGAN,DEMOCRAT,59918,143919
1978,CONNECTICUT,4,STEWART B MCKINNEY,REPUBLICAN,83990,143919
1978,CONNECTICUT,4,WRITEIN,,11,143919
1978,CONNECTICUT,5,GEORGE C GUIDERA,REPUBLICAN,88162,184913
1978,CONNECTICUT,5,WILLIAM R RATCHFORD,DEMOCRAT,96738,184913
1978,CONNECTICUT,5,WRITEIN,,13,184913
1978,CONNECTICUT,6,ANTHONY TOBY MOFFETT,DEMOCRAT,119537,186224
1978,CONNECTICUT,6,DANIEL F MACKINNON,REPUBLICAN,66664,186224
1978,CONNECTICUT,6,WRITEIN,,23,186224
1978,DELAWARE,0,GARY E HINDES,DEMOCRAT,64863,157566
1978,DELAWARE,0,JAMES E HICKS,AMERICAN INDEPENDENT,1014,157566
1978,DELAWARE,0,THOMAS B EVANS JR,REPUBLICAN,91689,157566
1978,FLORIDA,1,EARL DEWITT HUTTO,DEMOCRAT,85608,135323
1978,FLORIDA,1,WARREN BRIGGS,REPUBLICAN,49715,135323
1978,FLORIDA,2,DON FUQUA,DEMOCRAT,112649,137797
1978,FLORIDA,2,PETE BRATHWAITE,REPUBLICAN,25148,137797
1978,FLORIDA,3,CHARLES E BENNETT,DEMOCRAT,1,1
1978,FLORIDA,4,BILL CHAPPELL JR,DEMOCRAT,113302,154949
1978,FLORIDA,4,TOM BONEY,REPUBLICAN,41647,154949
1978,FLORIDA,5,DAVID RYAN BEST,DEMOCRAT,101867,208186
1978,FLORIDA,5,RICHARD KELLY,REPUBLICAN,106319,208186
1978,FLORIDA,6,C W BILL YOUNG,REPUBLICAN,150694,191348
1978,FLORIDA,6,JIM CHRISTISON,DEMOCRAT,40654,191348
1978,FLORIDA,7,SAM M GIBBONS,DEMOCRAT,1,1
1978,FLORIDA,8,ANDY IRELAND,DEMOCRAT,1,1
1978,FLORIDA,9,BILL NELSON,DEMOCRAT,89543,145617
1978,FLORIDA,9,EDWARD J GURNEY,REPUBLICAN,56074,145617
1978,FLORIDA,10,"L A ""SKIP"" BAFALIS",REPUBLICAN,1,1
1978,FLORIDA,11,BILL JAMES,REPUBLICAN,99757,223103
1978,FLORIDA,11,DAN MICA,DEMOCRAT,123346,223103
1978,FLORIDA,12,EDWARD J STACK,DEMOCRAT,107037,173647
1978,FLORIDA,12,J HERBERT BURKE,REPUBLICAN,66610,173647
1978,FLORIDA,13,WILLIAM LEHMAN,DEMOCRAT,1,1
1978,FLORIDA,14,AL CARDENAS,REPUBLICAN,38081,103283
1978,FLORIDA,14,CLAUDE PEPPER,DEMOCRAT,65202,103283
1978,FLORIDA,15,DANTE B FASCELL,DEMOCRAT,108837,146734
1978,FLORIDA,15,HERBERT J HOODWIN,REPUBLICAN,37897,146734
1978,GEORGIA,1,BO GINN,DEMOCRAT,36961,36962
1978,GEORGIA,1,WRITEIN,,1,36962
1978,GEORGIA,2,DAWSON MATHIS,DEMOCRAT,42234,42236
1978,GEORGIA,2,WRITEIN,,2,42236
1978,GEORGIA,3,JACK BRINKLEY,DEMOCRAT,54881,54882
1978,GEORGIA,3,WRITEIN,,1,54882
1978,GEORGIA,4,ELLIOTT H LEVITAS,DEMOCRAT,60284,74513
1978,GEORGIA,4,HOMER CHEUNG,REPUBLICAN,14221,74513
1978,GEORGIA,4,WRITEIN,,8,74513
1978,GEORGIA,5,THOMAS P BOWLES JR,REPUBLICAN,17132,69875
1978,GEORGIA,5,WRITEIN,,4,69875
1978,GEORGIA,5,WYCHE FOWLER JR,DEMOCRAT,52739,69875
1978,GEORGIA,6,NEWTON LEROY GINGRICH,REPUBLICAN,47078,86540
1978,GEORGIA,6,VIRGINIA SHAPARD,DEMOCRAT,39451,86540
1978,GEORGIA,6,WRITEIN,,11,86540
1978,GEORGIA,7,EARNEST NORSWORTHY,REPUBLICAN,23698,70826
1978,GEORGIA,7,LARRY P MCDONALD,DEMOCRAT,47090,70826
1978,GEORGIA,7,WRITEIN,,38,70826
1978,GEORGIA,8,BILLY LEE EVANS,DEMOCRAT,41184,41193
1978,GEORGIA,8,WRITEIN,,9,41193
1978,GEORGIA,9,DAVID G ASHWORTH,REPUBLICAN,14172,61437
1978,GEORGIA,9,ED JENKINS,DEMOCRAT,47264,61437
1978,GEORGIA,9,WRITEIN,,1,61437
1978,GEORGIA,10,DOUG BARNARD,DEMOCRAT,50122,50130
1978,GEORGIA,10,WRITEIN,,8,50130
1978,HAWAII,1,"CECIL ""CEE"" HEFTEL",DEMOCRAT,84552,115412
1978,HAWAII,1,DEBRA FIGUEROA,ALOHA DEMOCRATIC,2095,115412
1978,HAWAII,1,PETER DAVID LARSEN,LIBERTARIAN,4295,115412
1978,HAWAII,1,WILLIAM D SPILLANE,REPUBLICAN,24470,115412
1978,HAWAII,2,AMELIA L FRITTS,LIBERTARIAN,3988,137957
1978,HAWAII,2,CHARLIE ISAAK,REPUBLICAN,15697,137957
1978,HAWAII,2,DANIEL K AKAKA,DEMOCRAT,118272,137957
1978,IDAHO,1,ROY TRUBY,DEMOCRAT,57972,144652
1978,IDAHO,1,STEVEN D SYMMS,REPUBLICAN,86680,144652
1978,IDAHO,2,GEORGE HANSEN,REPUBLICAN,80591,140631
1978,IDAHO,2,STAN KRESS,DEMOCRAT,60040,140631
1978,ILLINOIS,1,A A RAYNER,REPUBLICAN,33540,81279
1978,ILLINOIS,1,BENNETT M STEWART,DEMOCRAT,47581,81279
1978,ILLINOIS,1,WRITEIN,,158,81279
1978,ILLINOIS,2,CARL STANLEY HOLMES,INDEPENDENT,2064,94077
1978,ILLINOIS,2,JAMES P WOGNUM,REPUBLICAN,11104,94077
1978,ILLINOIS,2,MORGAN F MURPHY,DEMOCRAT,80906,94077
1978,ILLINOIS,2,WRITEIN,,3,94077
1978,ILLINOIS,3,MARTIN A RUSSO,DEMOCRAT,95701,146800
1978,ILLINOIS,3,ROBERT L DUNNE,REPUBLICAN,51098,146800
1978,ILLINOIS,3,WRITEIN,,1,146800
1978,ILLINOIS,4,ANDREW THOMAS,DEMOCRAT,46788,141229
1978,ILLINOIS,4,EDWARD J DERWINSKI,REPUBLICAN,94435,141229
1978,ILLINOIS,4,WRITEIN,,6,141229
1978,ILLINOIS,5,JOHN G FARY,DEMOCRAT,98702,117506
1978,ILLINOIS,5,JOSEPH A BARRACCA,REPUBLICAN,18802,117506
1978,ILLINOIS,5,WRITEIN,,2,117506
1978,ILLINOIS,6,HENRY J HYDE,REPUBLICAN,87193,131737
1978,ILLINOIS,6,JEANNE P QUINN,DEMOCRAT,44543,131737
1978,ILLINOIS,6,WRITEIN,,1,131737
1978,ILLINOIS,7,CARDISS COLLINS,DEMOCRAT,64716,74989
1978,ILLINOIS,7,JAMES C HOLT,REPUBLICAN,10273,74989
1978,ILLINOIS,8,CARL C LODICO,REPUBLICAN,13302,94762
1978,ILLINOIS,8,DAN ROSTENKOWSKI,DEMOCRAT,81457,94762
1978,ILLINOIS,8,WRITEIN,,3,94762
1978,ILLINOIS,9,JOHN M COLLINS,REPUBLICAN,28673,116217
1978,ILLINOIS,9,SIDNEY R YATES,DEMOCRAT,87543,116217
1978,ILLINOIS,9,WRITEIN,,1,116217
1978,ILLINOIS,10,ABNER J MIKVA,DEMOCRAT,89479,178309
1978,ILLINOIS,10,JOHN E PORTER,REPUBLICAN,88829,178309
1978,ILLINOIS,10,WRITEIN,,1,178309
1978,ILLINOIS,11,FRANK ANNUNZIO,DEMOCRAT,112365,152412
1978,ILLINOIS,11,JOHN HOEGER,REPUBLICAN,40044,152412
1978,ILLINOIS,11,WRITEIN,,3,152412
1978,ILLINOIS,12,GILBERT BOGEN,DEMOCRAT,28424,138935
1978,ILLINOIS,12,PHILIP M CRANE,REPUBLICAN,110503,138935
1978,ILLINOIS,12,WRITEIN,,8,138935
1978,ILLINOIS,13,FREDERICK J STEFFEN,DEMOCRAT,40675,104738
1978,ILLINOIS,13,ROBERT M MCCLORY,REPUBLICAN,64060,104738
1978,ILLINOIS,13,WRITEIN,,3,104738
1978,ILLINOIS,14,JAMES A ROMANYAK,DEMOCRAT,39438,158179
1978,ILLINOIS,14,JOHN N ERLENBORN,REPUBLICAN,118741,158179
1978,ILLINOIS,15,TIM L HALL,DEMOCRAT,48756,129612
1978,ILLINOIS,15,TOM CORCORAN,REPUBLICAN,80856,129612
1978,ILLINOIS,16,ERNEST W DAHLIN,DEMOCRAT,40471,117309
1978,ILLINOIS,16,JOHN B ANDERSON,REPUBLICAN,76752,117309
1978,ILLINOIS,16,WRITEIN,,86,117309
1978,ILLINOIS,17,CLIFFORD J SINCLAIR,DEMOCRAT,39260,133635
1978,ILLINOIS,17,GEORGE M O'BRIEN,REPUBLICAN,94375,133635
1978,ILLINOIS,18,ROBERT H MICHEL,REPUBLICAN,85973,130514
1978,ILLINOIS,18,VIRGIL R GRUNKMEYER,DEMOCRAT,44527,130514
1978,ILLINOIS,18,WRITEIN,,14,130514
1978,ILLINOIS,19,TOM RAILSBACK,REPUBLICAN,89770,89790
1978,ILLINOIS,19,WRITEIN,,20,89790
1978,ILLINOIS,20,PAUL FINDLEY,REPUBLICAN,111054,159480
1978,ILLINOIS,20,VICTOR ROBERTS,DEMOCRAT,48426,159480
1978,ILLINOIS,21,EDWARD R MADIGAN,REPUBLICAN,97473,124527
1978,ILLINOIS,21,KEN BAUGHMAN,DEMOCRAT,27054,124527
1978,ILLINOIS,22,DANIEL B CRANE,REPUBLICAN,86051,159383
1978,ILLINOIS,22,TERRY L BRUCE,DEMOCRAT,73331,159383
1978,ILLINOIS,22,WRITEIN,,1,159383
1978,ILLINOIS,23,DANIEL J STACK,REPUBLICAN,25858,100105
1978,ILLINOIS,23,MELVIN PRICE,DEMOCRAT,74247,100105
1978,ILLINOIS,24,JOHN T ANDERSON,REPUBLICAN,57763,168061
1978,ILLINOIS,24,PAUL SIMON,DEMOCRAT,110298,168061
1978,INDIANA,1,ADAM BENJAMIN JR,DEMOCRAT,72367,90170
1978,INDIANA,1,CHRISTOPHER MARTINSON,UNITED STATES LABOR,384,90170
1978,INDIANA,1,OWEN W CRUMPACKER,REPUBLICAN,17419,90170
1978,INDIANA,2,FLOYD J FITHIAN,DEMOCRAT,82402,145778
1978,INDIANA,2,JAMES HENSLEY LOGAN,AMERICAN INDEPENDENT,1166,145778
1978,INDIANA,2,JAY PHILIP OPPENHEIM,REPUBLICAN,52842,145778
1978,INDIANA,2,WILLIAM COSTAS,INDEPENDENT,9368,145778
1978,INDIANA,3,JOHN BRADEMAS,DEMOCRAT,64336,115862
1978,INDIANA,3,R CRAIG FISHER,LIBERTARIAN,1381,115862
1978,INDIANA,3,THOMAS L THORSON,REPUBLICAN,50145,115862
1978,INDIANA,4,DAN QUAYLE,REPUBLICAN,80527,125117
1978,INDIANA,4,JOHN D WALDA,DEMOCRAT,42238,125117
1978,INDIANA,4,TERRY EUGENE HIVELY,AMERICAN INDEPENDENT,2352,125117
1978,INDIANA,5,ELWOOD H HILLIS,REPUBLICAN,94950,140429
1978,INDIANA,5,MAX ERVIN HEISS,DEMOCRAT,45479,140429
1978,INDIANA,6,DAVID G CRANE,REPUBLICAN,60630,127282
1978,INDIANA,6,DAVID W EVANS,DEMOCRAT,66421,127282
1978,INDIANA,6,JOHN WILLIAMS ROTHROCK JR,LIBERTARIAN,231,127282
1978,INDIANA,7,CHARLOTTE T ZIETLOW,DEMOCRAT,67469,154424
1978,INDIANA,7,JOHN T MYERS,REPUBLICAN,86955,154424
1978,INDIANA,8,DAVID L CORNWELL,DEMOCRAT,76654,159673
1978,INDIANA,8,H JOEL DECKARD,REPUBLICAN,83019,159673
1978,INDIANA,9,FRANK I HAMILTON JR,REPUBLICAN,52218,151945
1978,INDIANA,9,LEE H HAMILTON,DEMOCRAT,99727,151945
1978,INDIANA,10,GEORGE W AMES,AMERICAN INDEPENDENT,1400,130742
1978,INDIANA,10,PHILIP R SHARP,DEMOCRAT,73343,130742
1978,INDIANA,10,WILLIAM GOULD FRAZIER,REPUBLICAN,55999,130742
1978,INDIANA,11,ANDREW JACOBS JR,DEMOCRAT,61504,107441
1978,INDIANA,11,CHARLES E BOSMA,REPUBLICAN,45809,107441
1978,INDIANA,11,HENRY SLUBOWSKI,SOCIALIST WORKERS,128,107441
1978,IOWA,1,JIM LEACH,REPUBLICAN,79940,125955
1978,IOWA,1,RICHARD E MYERS,DEMOCRAT,45037,125955
1978,IOWA,1,WILLIAM R DOUGLAS,SOCIALIST,978,125955
1978,IOWA,2,JAMES D ROBERSON,INDEPENDENT,884,138978
1978,IOWA,2,MICHAEL T BLOUIN,DEMOCRAT,65450,138978
1978,IOWA,2,THOMAS J TAUKE,REPUBLICAN,72644,138978
1978,IOWA,3,CHARLES E GRASSLEY,REPUBLICAN,103659,138539
1978,IOWA,3,JOHN KNUDSON,DEMOCRAT,34880,138539
1978,IOWA,4,CHARLES E MINOR,REPUBLICAN,48308,136834
1978,IOWA,4,NEAL SMITH,DEMOCRAT,88526,136834
1978,IOWA,5,JULIAN B GARRETT,REPUBLICAN,57377,139710
1978,IOWA,5,TOM HARKIN,DEMOCRAT,82333,139710
1978,IOWA,6,BERKLEY BEDELL,DEMOCRAT,87139,131459
1978,IOWA,6,WILLIS EDGAR JUNKER,REPUBLICAN,44320,131459
1978,KANSAS,1,KEITH G SEBELIUS,REPUBLICAN,131037,131037
1978,KANSAS,2,JAMES E JEFFRIES,REPUBLICAN,76419,146879
1978,KANSAS,2,MARTHA KEYS,DEMOCRAT,70460,146879
1978,KANSAS,3,LARRY WINN JR,REPUBLICAN,103265,103265
1978,KANSAS,4,DAN GLICKMAN,DEMOCRAT,100139,143993
1978,KANSAS,4,JAMES PAUL LITSEY,REPUBLICAN,43854,143993
1978,KANSAS,5,DON ALLEGRUCCI,DEMOCRAT,62402,150766
1978,KANSAS,5,JACK C BLACKWELL,PROHIBITION,2353,150766
1978,KANSAS,5,"ROBERT ""BOB"" WHITTAKER",REPUBLICAN,86011,150766
1978,KENTUCKY,1,CARROLL HUBBARD,DEMOCRAT,44090,44097
1978,KENTUCKY,1,WRITEIN,,7,44097
1978,KENTUCKY,2,WILLIAM NATCHER,DEMOCRAT,36441,36459
1978,KENTUCKY,2,WRITEIN,,18,36459
1978,KENTUCKY,3,JAMES BURFEIND,SOCIALIST WORKERS,428,56871
1978,KENTUCKY,3,NORBERT DRUMMOND LEVERONNE,REPUBLICAN,17785,56871
1978,KENTUCKY,3,ROMANO L MAZZOLI,DEMOCRAT,37346,56871
1978,KENTUCKY,3,TOM BECKHAM,INDEPENDENT,1312,56871
1978,KENTUCKY,4,GEORGE CLARKE MARTIN,DEMOCRAT,32212,94299
1978,KENTUCKY,4,M GENE SNYDER,REPUBLICAN,62087,94299
1978,KENTUCKY,5,JESSE M RAMEY,DEMOCRAT,15714,75458
1978,KENTUCKY,5,TIM LEE CARTER,REPUBLICAN,59743,75458
1978,KENTUCKY,5,WRITEIN,,1,75458
1978,KENTUCKY,6,CHARLES T EASTERLY,DEMOCRAT,47436,102857
1978,KENTUCKY,6,LARRY J HOPKINS,REPUBLICAN,52092,102857
1978,KENTUCKY,6,LLOYD K ROGERS,AMERICAN INDEPENDENT,3323,102857
1978,KENTUCKY,6,WRITEIN,,6,102857
1978,KENTUCKY,7,CARL D PERKINS,DEMOCRAT,51559,67420
1978,KENTUCKY,7,GRANVILLE THOMAS,REPUBLICAN,15861,67420
1978,LOUISIANA,1,BOB LIVINGSTON,REPUBLICAN,1,1
1978,LOUISIANA,2,"LINDY ""MRS HALE"" BOGGS",DEMOCRAT,1,1
1978,LOUISIANA,3,DAVID C TREEN,REPUBLICAN,1,1
1978,LOUISIANA,4,"CLAUDE ""BUDDY"" LEACH",DEMOCRAT,65583,130900
1978,LOUISIANA,4,JAMES HAMILTON WILSON,REPUBLICAN,65317,130900
1978,LOUISIANA,5,JERRY HUCKABY,DEMOCRAT,1,1
1978,LOUISIANA,6,W HENSON MOORE,REPUBLICAN,1,1
1978,LOUISIANA,7,JOHN BREAUX,DEMOCRAT,1,1
1978,LOUISIANA,8,GILLIS W LONG,DEMOCRAT,1,1
1978,MAINE,1,DAVID F EMERY,REPUBLICAN,120791,196485
1978,MAINE,1,J DAVID MADIGAN,INDEPENDENT,5346,196485
1978,MAINE,1,JOHN QUINN,DEMOCRAT,70348,196485
1978,MAINE,2,EDDIE SHURTLEFF,INDEPENDENT,1923,173037
1978,MAINE,2,FREDERICK W WITTAKER,INDEPENDENT,8035,173037
1978,MAINE,2,MARGARET E COUSINS,INDEPENDENT,1573,173037
1978,MAINE,2,MARKHAM L GARTLEY,DEMOCRAT,70691,173037
1978,MAINE,2,OLYMPIA J SNOWE,REPUBLICAN,87939,173037
1978,MAINE,2,ROBERT H BURMEISTER,INDEPENDENT,1653,173037
1978,MAINE,2,ROBERT L COUSINS,INDEPENDENT,1223,173037
1978,MARYLAND,1,JOSEPH D QUINN,DEMOCRAT,46093,126295
1978,MARYLAND,1,ROBERT E BAUMAN,REPUBLICAN,80202,126295
1978,MARYLAND,2,CLARENCE D LONG,DEMOCRAT,98601,148487
1978,MARYLAND,2,MALCOLM M MCKNIGHT,REPUBLICAN,49886,148487
1978,MARYLAND,3,BARBARA A MIKULSKI,DEMOCRAT,91189,91189
1978,MARYLAND,4,MARJORIE S HOLT,REPUBLICAN,71374,115037
1978,MARYLAND,4,SUE F WARD,DEMOCRAT,43663,115037
1978,MARYLAND,5,GLADYS NOON SPELLMAN,DEMOCRAT,64868,84028
1978,MARYLAND,5,SAUL J HARRIS,REPUBLICAN,19160,84028
1978,MARYLAND,6,BEVERLY B BYRON,DEMOCRAT,126196,140741
1978,MARYLAND,6,MELVIN PERKINS,REPUBLICAN,14545,140741
1978,MARYLAND,7,DEBRA J HANANIA-FREEMAN,INDEPENDENT,6626,58622
1978,MARYLAND,7,PARREN J MITCHELL,DEMOCRAT,51996,58622
1978,MARYLAND,8,MICHAEL D BARNES,DEMOCRAT,81851,159658
1978,MARYLAND,8,NEWTON I STEERS JR,REPUBLICAN,77807,159658
1978,MASSACHUSETTS,1,OTHER,,145,131918
1978,MASSACHUSETTS,1,SILVIO CONTE,REPUBLICAN,131773,131918
1978,MASSACHUSETTS,2,EDWARD P BOLAND,DEMOCRAT,101570,139479
1978,MASSACHUSETTS,2,OTHER,,28,139479
1978,MASSACHUSETTS,2,THOMAS P SWANK,REPUBLICAN,37881,139479
1978,MASSACHUSETTS,3,CHARLES K MACLEOD,REPUBLICAN,39259,158730
1978,MASSACHUSETTS,3,JOSEPH D EARLY,DEMOCRAT,119337,158730
1978,MASSACHUSETTS,3,OTHER,,134,158730
1978,MASSACHUSETTS,4,OTHER,,138,111491
1978,MASSACHUSETTS,4,ROBERT F DRINAN,DEMOCRAT,111353,111491
1978,MASSACHUSETTS,5,JAMES J GAFFNEY III,INDEPENDENT,33835,172681
1978,MASSACHUSETTS,5,JAMES M SHANNON,DEMOCRAT,90156,172681
1978,MASSACHUSETTS,5,JOHN J BUCKLEY,REPUBLICAN,48685,172681
1978,MASSACHUSETTS,5,OTHER,,5,172681
1978,MASSACHUSETTS,6,NICHOLAS MAVROULES,DEMOCRAT,97099,180645
1978,MASSACHUSETTS,6,OTHER,,35,180645
1978,MASSACHUSETTS,6,WILLIAM E BRONSON,REPUBLICAN,83511,180645
1978,MASSACHUSETTS,7,EDWARD J MARKEY,DEMOCRAT,145615,171646
1978,MASSACHUSETTS,7,JAMES J MURPHY,INDEPENDENT,26017,171646
1978,MASSACHUSETTS,7,OTHER,,14,171646
1978,MASSACHUSETTS,8,LAURA M ROSS,COMMUNIST,6193,136928
1978,MASSACHUSETTS,8,OTHER,,9,136928
1978,MASSACHUSETTS,8,THOMAS P O'NEILL JR,DEMOCRAT,102160,136928
1978,MASSACHUSETTS,8,WILLIAM A BARNSTEAD,REPUBLICAN,28566,136928
1978,MASSACHUSETTS,9,BRENDA LEE M FRANKLIN,SOCIALIST WORKERS,6794,116338
1978,MASSACHUSETTS,9,DAVID FREUND,WORKER'S PARTY,2709,116338
1978,MASSACHUSETTS,9,JOHN J MOAKLEY,DEMOCRAT,106805,116338
1978,MASSACHUSETTS,9,OTHER,,30,116338
1978,MASSACHUSETTS,10,JOHN J MARINO,DEMOCRAT,64868,166957
1978,MASSACHUSETTS,10,MARGARET HECKLER,REPUBLICAN,102080,166957
1978,MASSACHUSETTS,10,OTHER,,9,166957
1978,MASSACHUSETTS,11,BRIAN J DONNELLY,DEMOCRAT,133644,145722
1978,MASSACHUSETTS,11,H GRAHAM LOWRY,U.S. LABOR,12044,145722
1978,MASSACHUSETTS,11,OTHER,,34,145722
1978,MASSACHUSETTS,12,GERRY E STUDDS,DEMOCRAT,176704,176859
1978,MASSACHUSETTS,12,OTHER,,155,176859
1978,MICHIGAN,1,JOHN CONYERS,DEMOCRAT,89646,96526
1978,MICHIGAN,1,ROBERT S ARNOLD,REPUBLICAN,6878,96526
1978,MICHIGAN,1,WRITEIN,,2,96526
1978,MICHIGAN,2,CARL D PURSELL,REPUBLICAN,97503,144326
1978,MICHIGAN,2,EARL GREENE,DEMOCRAT,45631,144326
1978,MICHIGAN,2,HENRY W KROES,AMERICAN INDEPENDENT,1191,144326
1978,MICHIGAN,2,WRITEIN,,1,144326
1978,MICHIGAN,3,GARRY BROWN,REPUBLICAN,79572,163510
1978,MICHIGAN,3,HOWARD WOLPE,DEMOCRAT,83932,163510
1978,MICHIGAN,3,WRITEIN,,6,163510
1978,MICHIGAN,4,DAVE STOCKMAN,REPUBLICAN,95440,135108
1978,MICHIGAN,4,JIMMIE DALE BURKE,AMERICAN INDEPENDENT,1460,135108
1978,MICHIGAN,4,MORGAN L HAGER JR,DEMOCRAT,38204,135108
1978,MICHIGAN,4,WRITEIN,,4,135108
1978,MICHIGAN,5,DALE ROBERT SPRIK,DEMOCRAT,80622,165446
1978,MICHIGAN,5,DWIGHT W JOHNSON,AMERICAN INDEPENDENT,3028,165446
1978,MICHIGAN,5,HAROLD S SAWYER,REPUBLICAN,81794,165446
1978,MICHIGAN,5,WRITEIN,,2,165446
1978,MICHIGAN,6,BOB CARR,DEMOCRAT,97971,172706
1978,MICHIGAN,6,MICHAEL H CONLIN,REPUBLICAN,74718,172706
1978,MICHIGAN,6,WRITEIN,,17,172706
1978,MICHIGAN,7,DALE E KILDEE,DEMOCRAT,105402,137540
1978,MICHIGAN,7,GALE M CRONK,REPUBLICAN,29958,137540
1978,MICHIGAN,7,JIMMY L SABIN,AMERICAN INDEPENDENT,2179,137540
1978,MICHIGAN,7,WRITEIN,,1,137540
1978,MICHIGAN,8,BOB TRAXLER,DEMOCRAT,103346,155248
1978,MICHIGAN,8,NORMAN R HUGHES,REPUBLICAN,51900,155248
1978,MICHIGAN,8,WRITEIN,,2,155248
1978,MICHIGAN,9,GUY VANDER JAGT,REPUBLICAN,122363,175819
1978,MICHIGAN,9,HOWARD M LEROUX,DEMOCRAT,53450,175819
1978,MICHIGAN,9,WRITEIN,,6,175819
1978,MICHIGAN,10,DONALD JOSEPH ALBOSTA,DEMOCRAT,94913,184389
1978,MICHIGAN,10,ELFORD A CEDERBERG,REPUBLICAN,89451,184389
1978,MICHIGAN,10,WRITEIN,,25,184389
1978,MICHIGAN,11,KEITH MCLEOD,DEMOCRAT,79081,175435
1978,MICHIGAN,11,ROBERT W DAVIS,REPUBLICAN,96351,175435
1978,MICHIGAN,11,WRITEIN,,3,175435
1978,MICHIGAN,12,DAVID E BONIOR,DEMOCRAT,82892,150956
1978,MICHIGAN,12,KIRBY HOLMES,REPUBLICAN,68063,150956
1978,MICHIGAN,12,WRITEIN,,1,150956
1978,MICHIGAN,13,CHARLES C DIGGS,DEMOCRAT,44771,56543
1978,MICHIGAN,13,DOVIE T PICKETT,REPUBLICAN,11749,56543
1978,MICHIGAN,13,WRITEIN,,23,56543
1978,MICHIGAN,14,JOHN EDWARD GETZ,REPUBLICAN,40716,124756
1978,MICHIGAN,14,LUCIEN N NEDZI,DEMOCRAT,84032,124756
1978,MICHIGAN,14,WRITEIN,,8,124756
1978,MICHIGAN,15,ALDI C FUHRMANN,AMERICAN INDEPENDENT,1230,119545
1978,MICHIGAN,15,EDGAR NIETEN,REPUBLICAN,23177,119545
1978,MICHIGAN,15,WILLIAM D FORD,DEMOCRAT,95137,119545
1978,MICHIGAN,15,WRITEIN,,1,119545
1978,MICHIGAN,16,HARRY C HENGY,AMERICAN INDEPENDENT,1889,122111
1978,MICHIGAN,16,JOHN D DINGELL,DEMOCRAT,93387,122111
1978,MICHIGAN,16,MELVIN E HEUER,REPUBLICAN,26827,122111
1978,MICHIGAN,16,WRITEIN,,8,122111
1978,MICHIGAN,17,HECTOR M MCGREGOR,AMERICAN INDEPENDENT,5341,111654
1978,MICHIGAN,17,WILLIAM M BRODHEAD,DEMOCRAT,106303,111654
1978,MICHIGAN,17,WRITEIN,,10,111654
1978,MICHIGAN,18,DAVID WENGEL DREXLER,AMERICAN INDEPENDENT,1848,151798
1978,MICHIGAN,18,JAMES J BLANCHARD,DEMOCRAT,113037,151798
1978,MICHIGAN,18,ROBERT J SALLOUM,REPUBLICAN,36913,151798
1978,MICHIGAN,19,BETTY F COLLIER,DEMOCRAT,47165,164298
1978,MICHIGAN,19,WILLIAM S BROOMFIELD,REPUBLICAN,117122,164298
1978,MICHIGAN,19,WRITEIN,,11,164298
1978,MINNESOTA,1,ARLEN ERDAHL,REPUBLICAN,110090,195929
1978,MINNESOTA,1,GERALD SIKORSKI,DEMOCRAT,83271,195929
1978,MINNESOTA,1,LLOYD DUWE,AMERICAN,2540,195929
1978,MINNESOTA,1,WRITEIN,,28,195929
1978,MINNESOTA,2,JOHN F CONSIDINE,DEMOCRAT,61173,206588
1978,MINNESOTA,2,TOM HAGEDORN,REPUBLICAN,145415,206588
1978,MINNESOTA,3,BILL FRENZEL,REPUBLICAN,128759,195879
1978,MINNESOTA,3,MICHAEL O FREEMAN,DEMOCRAT,67120,195879
1978,MINNESOTA,4,BRUCE F VENTO,DEMOCRAT,95989,165385
1978,MINNESOTA,4,JOHN BERG,REPUBLICAN,69396,165385
1978,MINNESOTA,5,MARTIN OLAV SABO,DEMOCRAT,91673,147087
1978,MINNESOTA,5,MIKE TILL,REPUBLICAN,55412,147087
1978,MINNESOTA,5,WRITEIN,,2,147087
1978,MINNESOTA,6,RICHARD NOLAN,DEMOCRAT,115880,209632
1978,MINNESOTA,6,RUSS BJORHUS,REPUBLICAN,93742,209632
1978,MINNESOTA,6,WRITEIN,,10,209632
1978,MINNESOTA,7,ARLAN STANGELAND,REPUBLICAN,106573,206192
1978,MINNESOTA,7,GENE WENSTROM,DEMOCRAT,93055,206192
1978,MINNESOTA,7,RONALD M HOLMQUIST,AMERICAN,6555,206192
1978,MINNESOTA,7,WRITEIN,,9,206192
1978,MINNESOTA,8,JAMES L OBERSTAR,DEMOCRAT,171125,196294
1978,MINNESOTA,8,JOHN W HULL,AMERICAN,25015,196294
1978,MINNESOTA,8,WRITEIN,,154,196294
1978,MISSISSIPPI,1,HORACE E HUTCHESON,INDEPENDENT,2059,86151
1978,MISSISSIPPI,1,JAMIE L WHITTEN,DEMOCRAT,57358,86151
1978,MISSISSIPPI,1,TERRILL K MOFFETT,REPUBLICAN,26734,86151
1978,MISSISSIPPI,2,DAVID BOWEN,DEMOCRAT,57678,93408
1978,MISSISSIPPI,2,M ROLAND BYRD,REPUBLICAN,35730,93408
1978,MISSISSIPPI,3,DOROTHY ELEANOR CLEVELAND,REPUBLICAN,8408,110093
1978,MISSISSIPPI,3,"G V ""SONNY"" MONTGOMERY",DEMOCRAT,101685,110093
1978,MISSISSIPPI,4,EVAN DOSS JR,INDEPENDENT,25134,132132
1978,MISSISSIPPI,4,JOHN HAMPTON STENNIS,DEMOCRAT,34837,132132
1978,MISSISSIPPI,4,JON CLIFTON HINSON,REPUBLICAN,68225,132132
1978,MISSISSIPPI,4,MARY MCKENZIE MAXEY,INDEPENDENT,1436,132132
1978,MISSISSIPPI,4,PERRY LAWRENCE DILLARD,INDEPENDENT,2500,132132
1978,MISSISSIPPI,5,TRENT LOTT,REPUBLICAN,97177,97177
1978,MISSOURI,1,BILL WHITE,REPUBLICAN,30995,99010
1978,MISSOURI,1,GERALD PECHENUK,UNITED LABOR,712,99010
1978,MISSOURI,1,MARY PRITCHARD,SOCIALIST WORKERS,1353,99010
1978,MISSOURI,1,"WILLIAM ""BILL"" CLAY",DEMOCRAT,65950,99010
1978,MISSOURI,2,BOB CHASE,REPUBLICAN,79495,182406
1978,MISSOURI,2,ROBERT A YOUNG,DEMOCRAT,102911,182406
1978,MISSOURI,3,LEE BUCHSCHACHER,REPUBLICAN,26881,148446
1978,MISSOURI,3,RICHARD A GEPHARDT,DEMOCRAT,121565,148446
1978,MISSOURI,4,BILL BAKER,REPUBLICAN,45116,165864
1978,MISSOURI,4,IKE SKELTON,DEMOCRAT,120748,165864
1978,MISSOURI,5,JAMES LEVITT,SOCIALIST WORKERS,1631,114131
1978,MISSOURI,5,RICHARD BOLLING,DEMOCRAT,82140,114131
1978,MISSOURI,5,STEVEN L WALTER,REPUBLICAN,30360,114131
1978,MISSOURI,6,E THOMAS COLEMAN,REPUBLICAN,96574,172635
1978,MISSOURI,6,PHIL SNOWDEN,DEMOCRAT,76061,172635
1978,MISSOURI,7,GENE TAYLOR,REPUBLICAN,104566,170917
1978,MISSOURI,7,JIM THOMAS,DEMOCRAT,66351,170917
1978,MISSOURI,8,DONALD D MEYER,REPUBLICAN,63109,159618
1978,MISSOURI,8,RICHARD H ICHORD,DEMOCRAT,96509,159618
1978,MISSOURI,9,HAROLD L VOLKMER,DEMOCRAT,135170,180965
1978,MISSOURI,9,JERRY DENT,REPUBLICAN,45795,180965
1978,MISSOURI,10,BILL D BURLISON,DEMOCRAT,99148,151835
1978,MISSOURI,10,JAMES A WEIR,REPUBLICAN,52687,151835
1978,MONTANA,1,JIM WALTERMIRE,REPUBLICAN,64093,150109
1978,MONTANA,1,PAT WILLIAMS,DEMOCRAT,86016,150109
1978,MONTANA,2,RON MARLENEE,REPUBLICAN,75766,133246
1978,MONTANA,2,THOMAS G MONAHAN,DEMOCRAT,57480,133246
1978,NEBRASKA,1,DOUGLAS K BEREUTER,REPUBLICAN,99013,170324
1978,NEBRASKA,1,HESS DYAS,DEMOCRAT,71311,170324
1978,NEBRASKA,2,HAROLD J DAUB JR,REPUBLICAN,70309,147444
1978,NEBRASKA,2,JOHN J CAVANAUGH,DEMOCRAT,77135,147444
1978,NEBRASKA,3,MARILYN FOWLER,DEMOCRAT,35371,176968
1978,NEBRASKA,3,VIRGINIA SMITH,REPUBLICAN,141597,176968
1978,NEVADA,0,BILL O'MARA,REPUBLICAN,44425,182967
1978,NEVADA,0,JIM SANTINI,DEMOCRAT,132513,182967
1978,NEVADA,0,LINDA WEST,LIBERTARIAN,6029,182967
1978,NEW HAMPSHIRE,1,DANIEL M HUGHES,REPUBLICAN,49131,134235
1978,NEW HAMPSHIRE,1,JAMES E PINARD,LIBERTARIAN,2407,134235
1978,NEW HAMPSHIRE,1,NORMAN E D'AMOURS,DEMOCRAT,82697,134235
1978,NEW HAMPSHIRE,2,EDGAR J HELMS,DEMOCRAT,39546,124081
1978,NEW HAMPSHIRE,2,JAMES C CLEVELAND,REPUBLICAN,84535,124081
1978,NEW JERSEY,1,JAMES J FLORIO,DEMOCRAT,106096,133620
1978,NEW JERSEY,1,JULIUS LEVIN,SOCIALIST LABOR,671,133620
1978,NEW JERSEY,1,ROBERT MARK DEITCH,REPUBLICAN,26853,133620
1978,NEW JERSEY,2,JAMES H BIGGS,REPUBLICAN,56997,169765
1978,NEW JERSEY,2,WILLIAM J HUGHES,DEMOCRAT,112768,169765
1978,NEW JERSEY,3,BRUCE G COE,REPUBLICAN,64730,148955
1978,NEW JERSEY,3,JAMES J HOWARD,DEMOCRAT,83349,148955
1978,NEW JERSEY,3,STEVENSON M ENTERLINE,LIBERTARIAN,876,148955
1978,NEW JERSEY,4,CHRISTOPHER H SMITH,REPUBLICAN,41833,113382
1978,NEW JERSEY,4,FRANK THOMPSON JR,DEMOCRAT,69259,113382
1978,NEW JERSEY,4,JOHN V MAHALCHIK,BETSY ROSS,1145,113382
1978,NEW JERSEY,4,JUDSON CARTER SR,INDEPENDENT,318,113382
1978,NEW JERSEY,4,PAUL B RIZZO,INDEPENDENT,827,113382
1978,NEW JERSEY,5,JOHN T FAHY,DEMOCRAT,38108,138847
1978,NEW JERSEY,5,MILLICENT H FENWICK,REPUBLICAN,100739,138847
1978,NEW JERSEY,6,BERNARDO S DOGANIERO,SOCIALIST LABOR,737,148184
1978,NEW JERSEY,6,CHARLES M PIKE JR,LIBERTARIAN,643,148184
1978,NEW JERSEY,6,EDWIN B FORSYTHE,REPUBLICAN,89446,148184
1978,NEW JERSEY,6,HAZEL MCGLORY,BETSY ROSS,484,148184
1978,NEW JERSEY,6,W THOMAS MCGANN,DEMOCRAT,56874,148184
1978,NEW JERSEY,7,ANDREW MAGUIRE,DEMOCRAT,78358,149118
1978,NEW JERSEY,7,ELLIOT GREENSPAN,LABOR,243,149118
1978,NEW JERSEY,7,MARGARET S ROUKEMA,REPUBLICAN,69543,149118
1978,NEW JERSEY,7,ROBERT SHAPIRO,LIBERTARIAN,974,149118
1978,NEW JERSEY,8,ROBERT A ROE,DEMOCRAT,69496,93338
1978,NEW JERSEY,8,THOMAS MELANI,REPUBLICAN,23842,93338
1978,NEW JERSEY,9,BRUCE TODD,LABOR,663,150155
1978,NEW JERSEY,9,HAROLD C HOLLENBECK,REPUBLICAN,73478,150155
1978,NEW JERSEY,9,HENRY HELSTOSKI,INDEPENDENT,19126,150155
1978,NEW JERSEY,9,NICHOLAS S MASTORELLI,DEMOCRAT,56888,150155
1978,NEW JERSEY,10,GORDON A DOUGLAS,LABOR,290,63777
1978,NEW JERSEY,10,JOHN L PELT,REPUBLICAN,8066,63777
1978,NEW JERSEY,10,PETER W RODINO JR,DEMOCRAT,55074,63777
1978,NEW JERSEY,10,TONY AUSTIN,SOCIALIST WORKERS,347,63777
1978,NEW JERSEY,11,JOSEPH G MINISH,DEMOCRAT,88294,125174
1978,NEW JERSEY,11,JULIUS GEORGE FELD,REPUBLICAN,35642,125174
1978,NEW JERSEY,11,RICHARD S ROTH,LIBERTARIAN,1238,125174
1978,NEW JERSEY,12,MATTHEW J RINALDO,REPUBLICAN,94850,129273
1978,NEW JERSEY,12,RICHARD MCCORMACK,DEMOCRAT,34423,129273
1978,NEW JERSEY,13,HELEN S MEYNER,DEMOCRAT,71808,149109
1978,NEW JERSEY,13,JAMES A COURTER,REPUBLICAN,77301,149109
1978,NEW JERSEY,14,FRANK J GUARINI,DEMOCRAT,67008,105340
1978,NEW JERSEY,14,HENRY J HILL,REPUBLICAN,21355,105340
1978,NEW JERSEY,14,JOHN E WALTON,INDEPENDENT,1962,105340
1978,NEW JERSEY,14,THOMAS E MCDONOUGH,INDEPENDENT,15015,105340
1978,NEW JERSEY,15,ANN V BASTIAN,PEOPLES INDEPENDENT COALITION,5396,115886
1978,NEW JERSEY,15,CHARLES W WILEY,REPUBLICAN,53108,115886
1978,NEW JERSEY,15,EDWARD J PATTEN,DEMOCRAT,55944,115886
1978,NEW JERSEY,15,MICHAEL FIESCHKO,LIBERTARIAN,1438,115886
1978,NEW MEXICO,1,MANUEL LUJAN JR,REPUBLICAN,118075,188836
1978,NEW MEXICO,1,ROBERT M HAWK,DEMOCRAT,70761,188836
1978,NEW MEXICO,2,HAROLD RUNNELS,DEMOCRAT,95710,95710
1978,NEW YORK,1,DOROTHY A SAMEK,LIBERAL,2909,160204
1978,NEW YORK,1,JOHN RANDOLPH,DEMOCRAT,67180,160204
1978,NEW YORK,1,WILLIAM CARNEY,CONSERVATIVE,14529,160204
1978,NEW YORK,1,WILLIAM CARNEY,REPUBLICAN,75586,160204
1978,NEW YORK,2,HAROLD J WITHERS,CONSERVATIVE,9531,118129
1978,NEW YORK,2,HAROLD J WITHERS,REPUBLICAN,43791,118129
1978,NEW YORK,2,THOMAS J DOWNEY,DEMOCRAT,64807,118129
1978,NEW YORK,3,GREGORY W CARMAN,CONSERVATIVE,11949,138670
1978,NEW YORK,3,GREGORY W CARMAN,REPUBLICAN,54509,138670
1978,NEW YORK,3,JEROME A AMBRO,DEMOCRAT,70526,138670
1978,NEW YORK,3,WILLIAM CLARK,LIBERAL,1686,138670
1978,NEW YORK,4,AARON M SCHEIN,LIBERAL,2083,143302
1978,NEW YORK,4,EVERETT A ROSENBLUM,DEMOCRAT,46508,143302
1978,NEW YORK,4,NORMAN F LENT,CONSERVATIVE,14445,143302
1978,NEW YORK,4,NORMAN F LENT,REPUBLICAN,80266,143302
1978,NEW YORK,5,JOHN W MATTHEWS,DEMOCRAT,56497,145383
1978,NEW YORK,5,JOHN W MATTHEWS,LIBERAL,4022,145383
1978,NEW YORK,5,JOHN W WYDLER,CONSERVATIVE,10585,145383
1978,NEW YORK,5,JOHN W WYDLER,REPUBLICAN,74279,145383
1978,NEW YORK,6,HOWARD HOROWITZ,CONSERVATIVE,9503,134606
1978,NEW YORK,6,LESTER WOLFF,DEMOCRAT,74741,134606
1978,NEW YORK,6,LESTER WOLFF,LIBERAL,6058,134606
1978,NEW YORK,6,STUART L AIN,REPUBLICAN,44304,134606
1978,NEW YORK,7,JOSEPH P ADDABBO,DEMOCRAT,55985,77001
1978,NEW YORK,7,JOSEPH P ADDABBO,LIBERAL,4073,77001
1978,NEW YORK,7,JOSEPH P ADDABBO,REPUBLICAN,13008,77001
1978,NEW YORK,7,MARK ELLIOT SCOTT,CONSERVATIVE,3935,77001
1978,NEW YORK,8,ALBERT LEMISHOW,REPUBLICAN,15165,95202
1978,NEW YORK,8,BENJAMIN S ROSENTHAL,DEMOCRAT,68971,95202
1978,NEW YORK,8,BENJAMIN S ROSENTHAL,LIBERAL,5901,95202
1978,NEW YORK,8,PAUL C RUEBENACKER,CONSERVATIVE,5165,95202
1978,NEW YORK,9,ALFRED A DELLIBOVI,CONSERVATIVE,10012,94787
1978,NEW YORK,9,ALFRED A DELLIBOVI,REPUBLICAN,32096,94787
1978,NEW YORK,9,GERALDINE A FERRARO,DEMOCRAT,51350,94787
1978,NEW YORK,9,THEODORE E GARRISON,LIBERAL,1329,94787
1978,NEW YORK,10,CARMEN RICCIARDI,CONSERVATIVE,4082,82061
1978,NEW YORK,10,MARIO BIAGGI,DEMOCRAT,51682,82061
1978,NEW YORK,10,MARIO BIAGGI,LIBERAL,2866,82061
1978,NEW YORK,10,MARIO BIAGGI,REPUBLICAN,23431,82061
1978,NEW YORK,11,JAMES H SCHEUER,DEMOCRAT,55880,75203
1978,NEW YORK,11,JAMES H SCHEUER,LIBERAL,3117,75203
1978,NEW YORK,11,KENNETH HUHN,CONSERVATIVE,4219,75203
1978,NEW YORK,11,KENNETH HUHN,REPUBLICAN,11987,75203
1978,NEW YORK,12,CHARLES GIBBS,REPUBLICAN,3580,29277
1978,NEW YORK,12,SHIRLEY CHISHOLM,DEMOCRAT,21406,29277
1978,NEW YORK,12,SHIRLEY CHISHOLM,LIBERAL,4291,29277
1978,NEW YORK,13,MAX CARASSO,CONSERVATIVE,3478,84839
1978,NEW YORK,13,MAX CARASSO,REPUBLICAN,12524,84839
1978,NEW YORK,13,STEPHEN J SOLARZ,DEMOCRAT,64514,84839
1978,NEW YORK,13,STEPHEN J SOLARZ,LIBERAL,4323,84839
1978,NEW YORK,14,ARTHUR BRAMWELL,REPUBLICAN,7516,40745
1978,NEW YORK,14,FREDERICK W RICHMOND,DEMOCRAT,29040,40745
1978,NEW YORK,14,FREDERICK W RICHMOND,LIBERAL,2299,40745
1978,NEW YORK,14,RALPH J CARRANO,CONSERVATIVE,1330,40745
1978,NEW YORK,14,SHARON D GRANT,SOCIALIST WORKERS,560,40745
1978,NEW YORK,15,LEO C ZEFERETTI,CONSERVATIVE,6626,72331
1978,NEW YORK,15,LEO C ZEFERETTI,DEMOCRAT,42646,72331
1978,NEW YORK,15,ROBERT P WHELAN,REPUBLICAN,20508,72331
1978,NEW YORK,15,RONALD SEMINARA,LIBERAL,2551,72331
1978,NEW YORK,16,ELIZABETH HOLTZMAN,DEMOCRAT,52855,72890
1978,NEW YORK,16,ELIZABETH HOLTZMAN,LIBERAL,6848,72890
1978,NEW YORK,16,JOHN H FOX,CONSERVATIVE,3782,72890
1978,NEW YORK,16,LARRY PENNER,REPUBLICAN,9033,72890
1978,NEW YORK,16,LARRY PENNER,UNITED TAXPAYERS,372,72890
1978,NEW YORK,17,JOHN M MURPHY,DEMOCRAT,54228,99961
1978,NEW YORK,17,JOHN M PETERS,CONSERVATIVE,8003,99961
1978,NEW YORK,17,JOHN M PETERS,REPUBLICAN,25068,99961
1978,NEW YORK,17,THOMAS HOYT STOKES,LIBERAL,12662,99961
1978,NEW YORK,18,CARTER BURDEN,DEMOCRAT,48196,114301
1978,NEW YORK,18,CARTER BURDEN,LIBERAL,5238,114301
1978,NEW YORK,18,S WILLIAM GREEN,INDEPENDENT NEIGHBORS PARTY,3129,114301
1978,NEW YORK,18,S WILLIAM GREEN,REPUBLICAN,57738,114301
1978,NEW YORK,19,CHARLES B RANGEL,DEMOCRAT,49344,61991
1978,NEW YORK,19,CHARLES B RANGEL,LIBERAL,4630,61991
1978,NEW YORK,19,CHARLES B RANGEL,REPUBLICAN,5757,61991
1978,NEW YORK,19,E FREEMAN YEARLING,CONSERVATIVE,1648,61991
1978,NEW YORK,19,KENNETH B MILINER,SOCIALIST WORKERS,612,61991
1978,NEW YORK,20,HARRY TORCZYNER,REPUBLICAN,11661,75936
1978,NEW YORK,20,TED S WEISS,DEMOCRAT,57452,75936
1978,NEW YORK,20,TED S WEISS,LIBERAL,6823,75936
1978,NEW YORK,21,LAWRENCE W LINDSLEY SR,CONSERVATIVE,499,24449
1978,NEW YORK,21,ROBERT GARCIA,DEMOCRAT,20769,24449
1978,NEW YORK,21,ROBERT GARCIA,LIBERAL,1526,24449
1978,NEW YORK,21,ROBERT GARCIA,REPUBLICAN,1655,24449
1978,NEW YORK,22,ANTHONY J GEIDEL JR,CONSERVATIVE,2550,69837
1978,NEW YORK,22,ANTHONY J GEIDEL JR,REPUBLICAN,8560,69837
1978,NEW YORK,22,JONATHAN B BINGHAM,DEMOCRAT,54110,69837
1978,NEW YORK,22,JONATHAN B BINGHAM,LIBERAL,4617,69837
1978,NEW YORK,23,ANGELO MARTINELLI,CONSERVATIVE,10384,128572
1978,NEW YORK,23,ANGELO MARTINELLI,REPUBLICAN,49071,128572
1978,NEW YORK,23,JOHN P HAGEN,LIBERAL,2763,128572
1978,NEW YORK,23,PETER A PEYSER,DEMOCRAT,66354,128572
1978,NEW YORK,24,MICHAEL O'MARA BILLINGTON,INDEPENDENT,192,134463
1978,NEW YORK,24,MICHAEL R EDELMAN,CONSERVATIVE,8588,134463
1978,NEW YORK,24,MICHAEL R EDELMAN,REPUBLICAN,48863,134463
1978,NEW YORK,24,RICHARD L OTTINGER,DEMOCRAT,75397,134463
1978,NEW YORK,24,RICHARD O REYES,LIBERAL,1423,134463
1978,NEW YORK,25,FRANK FLETCHER,SOCIALIST LABOR,679,146533
1978,NEW YORK,25,GUNARS M OZOLS,DEMOCRAT,31213,146533
1978,NEW YORK,25,HAMILTON FISH JR,REPUBLICAN,114641,146533
1978,NEW YORK,26,BENJAMIN A GILMAN,REPUBLICAN,87059,139637
1978,NEW YORK,26,CHARLES EMMET HOLBROOK,DEMOCRAT,39062,139637
1978,NEW YORK,26,CHARLES EMMET HOLBROOK,LIBERAL,2808,139637
1978,NEW YORK,26,WILLIAM R SCHAEFFER,CONSERVATIVE,10708,139637
1978,NEW YORK,27,MATTHEW F MCHUGH,DEMOCRAT,83413,149590
1978,NEW YORK,27,NEIL TYLER WALLACE,CONSERVATIVE,5703,149590
1978,NEW YORK,27,NEIL TYLER WALLACE,REPUBLICAN,60474,149590
1978,NEW YORK,28,PAUL H TOCKER,CONSERVATIVE,2905,182945
1978,NEW YORK,28,PAUL H TOCKER,REPUBLICAN,33112,182945
1978,NEW YORK,28,RICHARD A HIND,LIBERAL,7353,182945
1978,NEW YORK,28,SAMUEL S STRATTON,DEMOCRAT,139575,182945
1978,NEW YORK,29,EDWARD PATTISON,DEMOCRAT,80512,184223
1978,NEW YORK,29,EDWARD PATTISON,LIBERAL,4193,184223
1978,NEW YORK,29,GERALD B H SOLOMON,CONSERVATIVE,8946,184223
1978,NEW YORK,29,GERALD B H SOLOMON,REPUBLICAN,90572,184223
1978,NEW YORK,30,NORMA BARTLE,DEMOCRAT,52455,141263
1978,NEW YORK,30,NORMA BARTLE,LIBERAL,3330,141263
1978,NEW YORK,30,ROBERT C MCEWEN,CONSERVATIVE,5976,141263
1978,NEW YORK,30,ROBERT C MCEWEN,REPUBLICAN,79502,141263
1978,NEW YORK,31,DONALD J MITCHELL,CONSERVATIVE,9376,107791
1978,NEW YORK,31,DONALD J MITCHELL,REPUBLICAN,98415,107791
1978,NEW YORK,32,JAMES M HANLEY,DEMOCRAT,76251,145471
1978,NEW YORK,32,LILLIAN E REINER,LIBERAL,2149,145471
1978,NEW YORK,32,PETER DEL GIORNO,CONSERVATIVE,6384,145471
1978,NEW YORK,32,PETER DEL GIORNO,REPUBLICAN,60687,145471
1978,NEW YORK,33,GARY A LEE,REPUBLICAN,82501,147454
1978,NEW YORK,33,LYNNE BUDZINSKI,LIBERAL,1695,147454
1978,NEW YORK,33,ROBERT J BYRNE,CONSERVATIVE,4972,147454
1978,NEW YORK,33,ROY A BERNARDI,DEMOCRAT,58286,147454
1978,NEW YORK,34,FRANK HORTON,DEMOCRAT,60704,140912
1978,NEW YORK,34,FRANK HORTON,REPUBLICAN,62081,140912
1978,NEW YORK,34,LEO J KESSELRING,CONSERVATIVE,18127,140912
1978,NEW YORK,35,BARBER B CONABLE,REPUBLICAN,96119,138593
1978,NEW YORK,35,FRANCIS C REPICCI,DEMOCRAT,36428,138593
1978,NEW YORK,35,KAREN A HAMMEL,CONSERVATIVE,6046,138593
1978,NEW YORK,36,FRANCINA JOYCE CARTONIA,REPUBLICAN,30964,134257
1978,NEW YORK,36,FRANCINA JOYCE CARTONIA,TAXPAYER'S CITIZENS,563,134257
1978,NEW YORK,36,FRANCIS P MUNDY,CONSERVATIVE,3233,134257
1978,NEW YORK,36,JOHN J LAFALCE,DEMOCRAT,95613,134257
1978,NEW YORK,36,JOHN J LAFALCE,LIBERAL,3884,134257
1978,NEW YORK,37,CHARLES POTH III,REPUBLICAN,17585,90271
1978,NEW YORK,37,DUNSTAN HAETTENSCHWILLER,CONSERVATIVE,1501,90271
1978,NEW YORK,37,HENRY J NOWAK,DEMOCRAT,67475,90271
1978,NEW YORK,37,HENRY J NOWAK,LIBERAL,3436,90271
1978,NEW YORK,37,KHUSHRO GHANDI,LABOR,274,90271
1978,NEW YORK,38,JACK KEMP,CONSERVATIVE,13896,120132
1978,NEW YORK,38,JACK KEMP,REPUBLICAN,100032,120132
1978,NEW YORK,38,JAMES A PECK,LIBERAL,6204,120132
1978,NEW YORK,39,CRISPIN MAGUIRE,CONSERVATIVE,4053,135816
1978,NEW YORK,39,CRISPIN MAGUIRE,REPUBLICAN,52378,135816
1978,NEW YORK,39,STANLEY N LUNDINE,DEMOCRAT,79385,135816
1978,NORTH CAROLINA,1,JAMES MILFORD NEWCOMB,REPUBLICAN,16814,84530
1978,NORTH CAROLINA,1,WALTER JONES,DEMOCRAT,67716,84530
1978,NORTH CAROLINA,2,BARRY LYNN GARDNER,REPUBLICAN,15988,79053
1978,NORTH CAROLINA,2,L H FOUNTAIN,DEMOCRAT,61851,79053
1978,NORTH CAROLINA,2,LES KOEHLER,LIBERTARIAN,1214,79053
1978,NORTH CAROLINA,3,CHARLES WHITELY,DEMOCRAT,54452,76602
1978,NORTH CAROLINA,3,WILLARD JACKSON BLANCHARD,REPUBLICAN,22150,76602
1978,NORTH CAROLINA,4,IKE ANDREWS,DEMOCRAT,74249,78685
1978,NORTH CAROLINA,4,NAUDEEN BEEK,LIBERTARIAN,4436,78685
1978,NORTH CAROLINA,5,HAMILTON C HORTON,REPUBLICAN,58161,126939
1978,NORTH CAROLINA,5,STEPHEN L NEAL,DEMOCRAT,68778,126939
1978,NORTH CAROLINA,6,GEORGE H BEMUS,REPUBLICAN,26882,85075
1978,NORTH CAROLINA,6,RICHARDSON PREYER,DEMOCRAT,58193,85075
1978,NORTH CAROLINA,7,CHARLES ROSE,DEMOCRAT,53696,76842
1978,NORTH CAROLINA,7,RAYMOND SCHRUMP,REPUBLICAN,23146,76842
1978,NORTH CAROLINA,8,ROGER LEE AUSTIN,REPUBLICAN,43942,107110
1978,NORTH CAROLINA,8,"W G ""BILL"" HEFNER",DEMOCRAT,63168,107110
1978,NORTH CAROLINA,9,CHARLES KIMBALL MAXWELL,DEMOCRAT,29761,96824
1978,NORTH CAROLINA,9,FREDERICK W PASOTTO,LIBERTARIAN,906,96824
1978,NORTH CAROLINA,9,JAMES G MARTIN,REPUBLICAN,66157,96824
1978,NORTH CAROLINA,10,JAMES T BROYHILL,REPUBLICAN,67004,67004
1978,NORTH CAROLINA,11,LAMAR GUDGER,DEMOCRAT,75460,141292
1978,NORTH CAROLINA,11,R CURTIS RATCLIFF,REPUBLICAN,65832,141292
1978,NORTH DAKOTA,0,BRUCE F HAGEN,DEMOCRAT,68016,220314
1978,NORTH DAKOTA,0,DON KLINGENSMITH,NATIONAL STATESMAN,1389,220314
1978,NORTH DAKOTA,0,HARLEY J MCLAIN,INDEPENDENT,3197,220314
1978,NORTH DAKOTA,0,MARK ANDREWS,REPUBLICAN,147712,220314
1978,OHIO,1,JOSEPH E MAY,INDEPENDENT,1907,114169
1978,OHIO,1,TIMOTHY M BURKE,DEMOCRAT,38669,114169
1978,OHIO,1,WILLIS D GRADISON JR,REPUBLICAN,73593,114169
1978,OHIO,2,STANLEY J ARONOFF,REPUBLICAN,58716,123238
1978,OHIO,2,THOMAS A LUKEN,DEMOCRAT,64522,123238
1978,OHIO,3,ALFRED R DEPTULA,INDEPENDENT,2122,116804
1978,OHIO,3,DUDLEY P KIRCHER,REPUBLICAN,51833,116804
1978,OHIO,3,TONY P HALL,DEMOCRAT,62849,116804
1978,OHIO,4,JOHN WILLIAM GRIFFIN,DEMOCRAT,39360,124935
1978,OHIO,4,TENNYSON GUYER,REPUBLICAN,85575,124935
1978,OHIO,5,DELBERT LATTA,REPUBLICAN,85547,136618
1978,OHIO,5,JAMES ROBERT SHEREK,DEMOCRAT,51071,136618
1978,OHIO,6,TED STRICKLAND,DEMOCRAT,46318,131910
1978,OHIO,6,WILLIAM H HARSHA,REPUBLICAN,85592,131910
1978,OHIO,7,CLARENCE J BROWN,REPUBLICAN,92507,92507
1978,OHIO,8,GEORGE HAHN,INDEPENDENT,3,113652
1978,OHIO,8,LUELLA R SCHROEDER,DEMOCRAT,32493,113652
1978,OHIO,8,THOMAS N KINDNESS,REPUBLICAN,81156,113652
1978,OHIO,9,EDWARD S EMERY,INDEPENDENT,2563,113128
1978,OHIO,9,JOHN C HOYT,REPUBLICAN,34326,113128
1978,OHIO,9,MICHAEL JAMES LEWINSKI,INDEPENDENT,4530,113128
1978,OHIO,9,THOMAS LUDLOW ASHLEY,DEMOCRAT,71709,113128
1978,OHIO,10,CLARENCE E MILLER,REPUBLICAN,99329,134368
1978,OHIO,10,JAMES A PLUMMER,DEMOCRAT,35039,134368
1978,OHIO,11,J WILLIAM STANTON,REPUBLICAN,89327,131181
1978,OHIO,11,PATRICK JAMES DONLIN,DEMOCRAT,37131,131181
1978,OHIO,11,ROBERT DEAN PENNY,INDEPENDENT,4723,131181
1978,OHIO,12,JAMES L BAUMANN,DEMOCRAT,61698,143271
1978,OHIO,12,SAMUEL L DEVINE,REPUBLICAN,81573,143271
1978,OHIO,13,DONALD J PEASE,DEMOCRAT,80875,124144
1978,OHIO,13,MARK W WHITFIELD,REPUBLICAN,43269,124144
1978,OHIO,14,JOHN F SEIBERLING,DEMOCRAT,82356,113667
1978,OHIO,14,WALTER J VOGEL,REPUBLICAN,31311,113667
1978,OHIO,15,CHALMERS P WYLIE,REPUBLICAN,91023,128023
1978,OHIO,15,HENRY W ECKHART,DEMOCRAT,37000,128023
1978,OHIO,16,OWEN S HAND JR,DEMOCRAT,29640,134792
1978,OHIO,16,RALPH S REGULA,REPUBLICAN,105152,134792
1978,OHIO,17,JOHN M ASHBROOK,REPUBLICAN,87010,129127
1978,OHIO,17,KENNETH ROBERT GRIER,DEMOCRAT,42117,129127
1978,OHIO,18,DOUGLAS APPLEGATE,DEMOCRAT,71894,120825
1978,OHIO,18,WILLIAM J RESS,REPUBLICAN,48931,120825
1978,OHIO,19,CHARLES J CARNEY,DEMOCRAT,69977,141867
1978,OHIO,19,LYLE WILLIAMS,REPUBLICAN,71890,141867
1978,OHIO,20,MARY ROSE OAKER,DEMOCRAT,76973,76973
1978,OHIO,21,BILL MACK,REPUBLICAN,9533,68467
1978,OHIO,21,LOUIS STOKES,DEMOCRAT,58934,68467
1978,OHIO,22,CHARLES A VANIK,DEMOCRAT,87551,132572
1978,OHIO,22,JAMES F SEXTON,INDEPENDENT,7125,132572
1978,OHIO,22,RICHARD W SANDER,REPUBLICAN,30930,132572
1978,OHIO,22,ROBERT E LEHMAN,INDEPENDENT,6966,132572
1978,OHIO,23,HOMER S TAFT,REPUBLICAN,33732,133707
1978,OHIO,23,RONALD M MOTTL,DEMOCRAT,99975,133707
1978,OKLAHOMA,1,JAMES R JONES,DEMOCRAT,73886,123290
1978,OKLAHOMA,1,PAULA UNRUH,REPUBLICAN,49404,123290
1978,OKLAHOMA,2,GARY RICHARDSON,REPUBLICAN,59853,132436
1978,OKLAHOMA,2,MICHAEL LYNN SYNAR,DEMOCRAT,72583,132436
1978,OKLAHOMA,3,WESLEY WADE WATKINS,DEMOCRAT,1,1
1978,OKLAHOMA,4,SEWARD ELIOT ROBB,REPUBLICAN,41421,104414
1978,OKLAHOMA,4,TOM STEED,DEMOCRAT,62993,104414
1978,OKLAHOMA,5,JESSE DENNIS KNIPP,DEMOCRAT,17978,89429
1978,OKLAHOMA,5,MICKEY EDWARDS,REPUBLICAN,71451,89429
1978,OKLAHOMA,6,GLENN ENGLISH,DEMOCRAT,103512,139543
1978,OKLAHOMA,6,HAROLD V HUNTER,REPUBLICAN,36031,139543
1978,OREGON,1,LES AUCOIN,DEMOCRAT,158706,252378
1978,OREGON,1,NICK BUNICK,REPUBLICAN,93640,252378
1978,OREGON,1,WRITEIN,,32,252378
1978,OREGON,2,AL ULLMAN,DEMOCRAT,152099,220019
1978,OREGON,2,TERRY L HICKS,REPUBLICAN,67547,220019
1978,OREGON,2,WRITEIN,,373,220019
1978,OREGON,3,MARTIN SIMON,U.S. LABOR,27120,179460
1978,OREGON,3,ROBERT B DUNCAN,DEMOCRAT,151895,179460
1978,OREGON,3,WRITEIN,,445,179460
1978,OREGON,4,JAMES WEAVER,DEMOCRAT,124745,221766
1978,OREGON,4,JERRY LAUSMANN,REPUBLICAN,96953,221766
1978,OREGON,4,WRITEIN,,68,221766
1978,PENNSYLVANIA,1,JEFFREY C SMITH,LIBERTARIAN,2837,145162
1978,PENNSYLVANIA,1,MICHAEL MYERS,DEMOCRAT,104412,145162
1978,PENNSYLVANIA,1,SAMUEL N FANELLI,REPUBLICAN,37913,145162
1978,PENNSYLVANIA,2,ANTON HENRY CHAITKIN,LABOR,1059,161759
1978,PENNSYLVANIA,2,BENJAMIN A BAILEY,SOCIALIST WORKERS,2321,161759
1978,PENNSYLVANIA,2,ROLAND J ATKINS,REPUBLICAN,25785,161759
1978,PENNSYLVANIA,2,WILLIAM H GRAY III,DEMOCRAT,132594,161759
1978,PENNSYLVANIA,3,RAYMOND F LEDERER,DEMOCRAT,86015,119765
1978,PENNSYLVANIA,3,RAYMOND S KAUFFMAN,REPUBLICAN,33750,119765
1978,PENNSYLVANIA,4,CHARLES F DOUGHERTY,REPUBLICAN,110445,198000
1978,PENNSYLVANIA,4,JOSHUA EILBERG,DEMOCRAT,87555,198000
1978,PENNSYLVANIA,5,MURRAY P ZEALOR,DEMOCRAT,36704,147269
1978,PENNSYLVANIA,5,RICHARD T SCHULZE,REPUBLICAN,110565,147269
1978,PENNSYLVANIA,6,GUS YATRON,DEMOCRAT,106431,144177
1978,PENNSYLVANIA,6,STEPHEN MAZUR,REPUBLICAN,37746,144177
1978,PENNSYLVANIA,7,ANTHONY NAZZERENO ESPOSITO,LABOR,540,158714
1978,PENNSYLVANIA,7,EUGENE DANIEL KANE,REPUBLICAN,78403,158714
1978,PENNSYLVANIA,7,ROBERT W EDGAR,DEMOCRAT,79771,158714
1978,PENNSYLVANIA,8,G ROGER BOWERS,REPUBLICAN,56776,146052
1978,PENNSYLVANIA,8,PETER H KOSTMAYER,DEMOCRAT,89276,146052
1978,PENNSYLVANIA,9,BLAINE LEROY HAVICE JR,DEMOCRAT,33882,135033
1978,PENNSYLVANIA,9,BUD SHUSTER,REPUBLICAN,101151,135033
1978,PENNSYLVANIA,10,GENE BASALYGA,DEMOCRAT,35721,151724
1978,PENNSYLVANIA,10,JOSEPH M MCDADE,REPUBLICAN,116003,151724
1978,PENNSYLVANIA,11,DANIEL J FLOOD,DEMOCRAT,61433,106768
1978,PENNSYLVANIA,11,ROBERT P HUDOCK,REPUBLICAN,45335,106768
1978,PENNSYLVANIA,12,JOHN P MURTHA,DEMOCRAT,104216,151658
1978,PENNSYLVANIA,12,LUTHER V ELKIN,REPUBLICAN,47442,151658
1978,PENNSYLVANIA,13,ALAN BENDIX RUBENSTEIN,DEMOCRAT,47151,159862
1978,PENNSYLVANIA,13,R LAWRENCE COUGHLIN,REPUBLICAN,112711,159862
1978,PENNSYLVANIA,14,STAN THOMAS,REPUBLICAN,49992,119202
1978,PENNSYLVANIA,14,STANLEY JAMES KUZIEL,AMERICAN INDEPENDENT,1206,119202
1978,PENNSYLVANIA,14,WILLIAM S MOORHEAD,DEMOCRAT,68004,119202
1978,PENNSYLVANIA,15,DONALD LAWRENCE RITTER,REPUBLICAN,65986,124063
1978,PENNSYLVANIA,15,FRED B ROONEY,DEMOCRAT,58077,124063
1978,PENNSYLVANIA,16,CHARLES W BOOHAR,DEMOCRAT,27386,119296
1978,PENNSYLVANIA,16,ROBERT S WALKER,REPUBLICAN,91910,119296
1978,PENNSYLVANIA,17,ALLEN E ERTEL,DEMOCRAT,79234,132847
1978,PENNSYLVANIA,17,THOMAS RICHARD RIPPON,REPUBLICAN,53613,132847
1978,PENNSYLVANIA,18,DOUG WALGREN,DEMOCRAT,88299,154671
1978,PENNSYLVANIA,18,JAMES GELVIN,LABOR,1284,154671
1978,PENNSYLVANIA,18,TED JACOB,REPUBLICAN,65088,154671
1978,PENNSYLVANIA,19,RAJ KUMAR,DEMOCRAT,28577,134001
1978,PENNSYLVANIA,19,WILLIAM F GOODLING,REPUBLICAN,105424,134001
1978,PENNSYLVANIA,20,JOSEPH M GAYDOS,DEMOCRAT,97745,135490
1978,PENNSYLVANIA,20,KATHLEEN M MEYER,REPUBLICAN,37745,135490
1978,PENNSYLVANIA,21,DONALD A BAILEY,DEMOCRAT,73712,139334
1978,PENNSYLVANIA,21,ROBERT MILLER,REPUBLICAN,65622,139334
1978,PENNSYLVANIA,22,AUSTIN J MURPHY,DEMOCRAT,99559,139077
1978,PENNSYLVANIA,22,MARILYN COYLE ECOFF,REPUBLICAN,39518,139077
1978,PENNSYLVANIA,23,JOSEPH S AMMERMAN,DEMOCRAT,61657,134851
1978,PENNSYLVANIA,23,WILLIAM F CLINGER JR,REPUBLICAN,73194,134851
1978,PENNSYLVANIA,24,JOSEPH P VIGORITO,DEMOCRAT,48894,135935
1978,PENNSYLVANIA,24,MARC L MARKS,REPUBLICAN,87041,135935
1978,PENNSYLVANIA,25,EUGENE V ATKINSON,DEMOCRAT,68293,146948
1978,PENNSYLVANIA,25,JOHN W COOK,INDEPENDENT,5907,146948
1978,PENNSYLVANIA,25,ROBERT HENRY MORRIS,INDEPENDENT,10588,146948
1978,PENNSYLVANIA,25,TIM SHAFFER,REPUBLICAN,62160,146948
1978,RHODE ISLAND,1,FERNAND ST GERMAIN,DEMOCRAT,86768,141680
1978,RHODE ISLAND,1,JERRY SLOCUM,REPUBLICAN,54912,141680
1978,RHODE ISLAND,2,CLAUDINE CAMARADA SCHNEIDER,REPUBLICAN,78725,166122
1978,RHODE ISLAND,2,EDWARD P BEARD,DEMOCRAT,87397,166122
1978,SOUTH CAROLINA,1,C C WANNAMAKER,REPUBLICAN,42994,108615
1978,SOUTH CAROLINA,1,MENDEL J DAVIS,DEMOCRAT,65621,108615
1978,SOUTH CAROLINA,2,FLOYD D SPENCE,REPUBLICAN,71032,123630
1978,SOUTH CAROLINA,2,JACK SOLOMON BASS,DEMOCRAT,52598,123630
1978,SOUTH CAROLINA,3,ANTHONY PANUCCIO,REPUBLICAN,17924,98892
1978,SOUTH CAROLINA,3,BUTLER DERRICK,DEMOCRAT,80968,98892
1978,SOUTH CAROLINA,4,CARROLL A CAMPBELL JR,REPUBLICAN,51483,98531
1978,SOUTH CAROLINA,4,DON SPROUSE,INDEPENDENT,1691,98531
1978,SOUTH CAROLINA,4,MAX M HELLER,DEMOCRAT,45357,98531
1978,SOUTH CAROLINA,5,HAROLD HOUGH,INDEPENDENT,13207,76220
1978,SOUTH CAROLINA,5,KEN HOLLAND,DEMOCRAT,63013,76220
1978,SOUTH CAROLINA,6,JOHN W JENRETTE,DEMOCRAT,69220,69220
1978,SOUTH DAKOTA,1,LEO K THORSNESS,REPUBLICAN,64544,129227
1978,SOUTH DAKOTA,1,THOMAS A DASCHLE,DEMOCRAT,64683,129227
1978,SOUTH DAKOTA,2,JAMES ABDNOR,REPUBLICAN,70780,126296
1978,SOUTH DAKOTA,2,ROBERT SAMUELSON,DEMOCRAT,55516,126296
1978,TENNESSEE,1,JAMES QUILLEN,REPUBLICAN,92143,142841
1978,TENNESSEE,1,WILLIAM GORDON BALL,DEMOCRAT,50694,142841
1978,TENNESSEE,1,WRITEIN,,4,142841
1978,TENNESSEE,2,JOHN J DUNCAN,REPUBLICAN,125082,152833
1978,TENNESSEE,2,MARGARET FRANCIS,DEMOCRAT,27745,152833
1978,TENNESSEE,2,WRITEIN,,6,152833
1978,TENNESSEE,3,DAN RUCKER EAST,INDEPENDENT,13535,121838
1978,TENNESSEE,3,MARILYN LLOYD,DEMOCRAT,108282,121838
1978,TENNESSEE,3,WRITEIN,,21,121838
1978,TENNESSEE,4,ALBERT GORE JR,DEMOCRAT,108695,108701
1978,TENNESSEE,4,WRITEIN,,6,108701
1978,TENNESSEE,5,HENRY HAILE,INDEPENDENT,17674,133608
1978,TENNESSEE,5,WILLIAM DEAN GOODWIN,REPUBLICAN,47288,133608
1978,TENNESSEE,5,WILLIAM HILL BONER,DEMOCRAT,68608,133608
1978,TENNESSEE,5,WRITEIN,,38,133608
1978,TENNESSEE,6,C RONALD ARLINE,DEMOCRAT,38954,153591
1978,TENNESSEE,6,ROBIN BEARD,REPUBLICAN,114630,153591
1978,TENNESSEE,6,WRITEIN,,7,153591
1978,TENNESSEE,7,ED JONES,DEMOCRAT,96863,132866
1978,TENNESSEE,7,ROSS EARL COOK,REPUBLICAN,36003,132866
1978,TENNESSEE,8,DUNCAN RAGSDALE,REPUBLICAN,33679,115917
1978,TENNESSEE,8,HAROLD E FORD,DEMOCRAT,80776,115917
1978,TENNESSEE,8,RICHARD WHITMORE,INDEPENDENT,1460,115917
1978,TENNESSEE,8,WRITEIN,,2,115917
1978,TEXAS,1,FRED HUDSON,REPUBLICAN,20700,94408
1978,TEXAS,1,SAM B HALL,DEMOCRAT,73708,94408
1978,TEXAS,2,CHARLES WILSON,DEMOCRAT,66986,95570
1978,TEXAS,2,JAMES H DILLION,REPUBLICAN,28584,95570
1978,TEXAS,3,JAMES M COLLINS,REPUBLICAN,96406,96406
1978,TEXAS,4,FRANK S GLENN,REPUBLICAN,36582,94918
1978,TEXAS,4,RAY ROBERTS,DEMOCRAT,58336,94918
1978,TEXAS,5,JAMES MICHAEL WHITE,SOCIALIST WORKERS,397,70593
1978,TEXAS,5,JIM MATTOX,DEMOCRAT,35524,70593
1978,TEXAS,5,THOMAS W PAUKEN,REPUBLICAN,34672,70593
1978,TEXAS,6,WES MOWERY,REPUBLICAN,35393,101418
1978,TEXAS,6,WILLIAM PHILIP GRAMM,DEMOCRAT,66025,101418
1978,TEXAS,7,BILL ARCHER,REPUBLICAN,128214,150629
1978,TEXAS,7,ROBERT LAURENCE HUTCHINGS,DEMOCRAT,22415,150629
1978,TEXAS,8,NICK GEARHART,REPUBLICAN,24673,64102
1978,TEXAS,8,ROBERT ECKHARDT,DEMOCRAT,39429,64102
1978,TEXAS,9,JACK BROOKS,DEMOCRAT,50792,80265
1978,TEXAS,9,RANDY EVANS,REPUBLICAN,29473,80265
1978,TEXAS,10,EMMETT LEROY HUDSPETH,REPUBLICAN,29328,123857
1978,TEXAS,10,JAMES J PICKLE,DEMOCRAT,94529,123857
1978,TEXAS,11,JACK BURGESS,REPUBLICAN,49965,103319
1978,TEXAS,11,MARVIN LEATH,DEMOCRAT,53354,103319
1978,TEXAS,12,CLAUDE K BROWN,REPUBLICAN,21364,67820
1978,TEXAS,12,JIM WRIGHT,DEMOCRAT,46456,67820
1978,TEXAS,13,CLIFFORD ALVIN JONES,REPUBLICAN,25275,100546
1978,TEXAS,13,JACK HIGHTOWER,DEMOCRAT,75271,100546
1978,TEXAS,14,JOE WYATT JR,DEMOCRAT,63953,88278
1978,TEXAS,14,JOY YATES,REPUBLICAN,24325,88278
1978,TEXAS,15,E DE LA GARZA,DEMOCRAT,54560,82413
1978,TEXAS,15,ROBERT LENDOL MCDONALD,REPUBLICAN,27853,82413
1978,TEXAS,16,MICHAEL GIERE,REPUBLICAN,22743,75833
1978,TEXAS,16,RICHARD C WHITE,DEMOCRAT,53090,75833
1978,TEXAS,17,BILLY L FISHER,REPUBLICAN,32302,101332
1978,TEXAS,17,CHARLES W STENHOLM,DEMOCRAT,69030,101332
1978,TEXAS,18,DEBORAH VEE VERNIER,SOCIALIST WORKERS,1235,38018
1978,TEXAS,18,"GOERGE THOMAS ""MICKEY"" LELAND",DEMOCRAT,36783,38018
1978,TEXAS,19,GEORGE BUSH,REPUBLICAN,48070,102799
1978,TEXAS,19,KENT HANCE,DEMOCRAT,54729,102799
1978,TEXAS,20,HENRY B GONZALEZ,DEMOCRAT,51584,51584
1978,TEXAS,21,NELSON WILLIAM WOLFF,DEMOCRAT,63501,147837
1978,TEXAS,21,THOMAS G LOEFFLER,REPUBLICAN,84336,147837
1978,TEXAS,22,BOB GAMMAGE,DEMOCRAT,53443,108086
1978,TEXAS,22,RONALD E PAUL,REPUBLICAN,54643,108086
1978,TEXAS,23,ABRAHAM KAZEN JR,DEMOCRAT,62649,69834
1978,TEXAS,23,AGUSTIN MATA,LA RAZA UNIDA,7185,69834
1978,TEXAS,24,LEO BERMAN,REPUBLICAN,33314,72515
1978,TEXAS,24,MARTIN FROST,DEMOCRAT,39201,72515
1978,UTAH,1,DENNIS A DE BOER,INDEPENDENT,894,183994
1978,UTAH,1,GUN MCKAY,DEMOCRAT,93892,183994
1978,UTAH,1,JED J RICHARDSON,REPUBLICAN,85028,183994
1978,UTAH,1,ROBERT TERRANCE OWENS,AMERICAN INDEPENDENT,4180,183994
1978,UTAH,2,BRUCE BANGERTER,INDEPENDENT,1512,195166
1978,UTAH,2,DAN MARRIOTT,REPUBLICAN,121492,195166
1978,UTAH,2,EDWIN BROWN FIRMAGE,DEMOCRAT,68899,195166
1978,UTAH,2,LAWRENCE REY TOPHMAN,AMERICAN INDEPENDENT,1940,195166
1978,UTAH,2,WILLIAM C HOYLE,INDEPENDENT,1323,195166
1978,VERMONT,0,JAMES M JEFFORDS,REPUBLICAN,90688,120502
1978,VERMONT,0,PETER ISSAC DIAMONDSTONE,LIBERTY UNION,6505,120502
1978,VERMONT,0,SARAH MARIE DIETZ,DEMOCRAT,23228,120502
1978,VERMONT,0,WRITEIN,,81,120502
1978,VIRGINIA,1,LEWIS BURWELL PULLER,DEMOCRAT,34578,123741
1978,VIRGINIA,1,PAUL S TRIBLE JR,REPUBLICAN,89158,123741
1978,VIRGINIA,1,WRITEIN,,5,123741
1978,VIRGINIA,2,G WILLIAM WHITEHURST,REPUBLICAN,63512,63530
1978,VIRGINIA,2,WRITEIN,,18,63530
1978,VIRGINIA,3,ALAN ROBERT OGDEN,INDEPENDENT,14453,119217
1978,VIRGINIA,3,DAVID E SATTERFIELD,DEMOCRAT,104550,119217
1978,VIRGINIA,3,WRITEIN,,214,119217
1978,VIRGINIA,4,ROBERT W DANIEL JR,REPUBLICAN,77827,77873
1978,VIRGINIA,4,WRITEIN,,46,77873
1978,VIRGINIA,5,DAN DANIEL,DEMOCRAT,83575,83619
1978,VIRGINIA,5,WRITEIN,,44,83619
1978,VIRGINIA,6,M CALDWELL BUTLER,REPUBLICAN,88647,88803
1978,VIRGINIA,6,WRITEIN,,156,88803
1978,VIRGINIA,7,J KENNETH ROBINSON,REPUBLICAN,84517,131476
1978,VIRGINIA,7,LEWIS PERLEY FICKETT JR,DEMOCRAT,46950,131476
1978,VIRGINIA,7,WRITEIN,,9,131476
1978,VIRGINIA,8,CHARLES E COE,INDEPENDENT,52396,111170
1978,VIRGINIA,8,HERBERT E HARRIS II,DEMOCRAT,56137,111170
1978,VIRGINIA,8,JOHN F HERRITY,REPUBLICAN,2632,111170
1978,VIRGINIA,8,WRITEIN,,5,111170
1978,VIRGINIA,9,CHARLES CHAMP CLARK,DEMOCRAT,47367,124254
1978,VIRGINIA,9,WILLIAM C WAMPLER,REPUBLICAN,76877,124254
1978,VIRGINIA,9,WRITEIN,,10,124254
1978,VIRGINIA,10,FRANK R WOLF,REPUBLICAN,61981,132882
1978,VIRGINIA,10,JOSEPH L FISHER,DEMOCRAT,70892,132882
1978,VIRGINIA,10,WRITEIN,,9,132882
1978,WASHINGTON,1,JANICE NIEMI,DEMOCRAT,52706,156193
1978,WASHINGTON,1,JOEL PRITCHARD,REPUBLICAN,99942,156193
1978,WASHINGTON,1,JOHN H ADDISON,LIBERTARIAN,3545,156193
1978,WASHINGTON,2,ALLAN BYRON SWIFT,DEMOCRAT,70620,137413
1978,WASHINGTON,2,JOHN NANCE GARNER,REPUBLICAN,66793,137413
1978,WASHINGTON,3,DON BONKER,DEMOCRAT,82616,140886
1978,WASHINGTON,3,RICHARD H BENNETT SR,REPUBLICAN,58270,140886
1978,WASHINGTON,4,MIKE MCCORMACK,DEMOCRAT,85602,139991
1978,WASHINGTON,4,SUSAN ROYLANCE,REPUBLICAN,54389,139991
1978,WASHINGTON,5,DUANE ALTON,REPUBLICAN,68761,160849
1978,WASHINGTON,5,MEL TONASKET,INDEPENDENT,14887,160849
1978,WASHINGTON,5,THOMAS S FOLEY,DEMOCRAT,77201,160849
1978,WASHINGTON,6,JAMES EDWARD BEAVER,REPUBLICAN,43640,116740
1978,WASHINGTON,6,MARY KATHLEEN SMITH,SOCIALIST WORKERS,2043,116740
1978,WASHINGTON,6,NORMAN N DICKS,DEMOCRAT,71057,116740
1978,WASHINGTON,7,JOHN E CUNNINGHAM,REPUBLICAN,59052,126502
1978,WASHINGTON,7,MICHAEL E LOWRY,DEMOCRAT,67450,126502
1978,WEST VIRGINIA,1,GENE A HAYNES,REPUBLICAN,44062,120434
1978,WEST VIRGINIA,1,ROBERT H MOLLOHAN,DEMOCRAT,76372,120434
1978,WEST VIRGINIA,2,CLEVELAND KEITH BENEDICT,REPUBLICAN,56272,125955
1978,WEST VIRGINIA,2,HARLEY O STAGGERS,DEMOCRAT,69683,125955
1978,WEST VIRGINIA,3,DAVID MICHAEL STATON,REPUBLICAN,51584,126421
1978,WEST VIRGINIA,3,JOHN M SLACK,DEMOCRAT,74837,126421
1978,WEST VIRGINIA,4,NICK J RAHALL II,DEMOCRAT,70035,70035
1978,WISCONSIN,1,LES ASPIN,DEMOCRAT,77146,141585
1978,WISCONSIN,1,WILLIAM WATSON PETRIE III,REPUBLICAN,64437,141585
1978,WISCONSIN,1,WRITEIN,,2,141585
1978,WISCONSIN,2,DICK G FIELDS,INDEPENDENT,1697,172762
1978,WISCONSIN,2,JAMES A WRIGHT,REPUBLICAN,71412,172762
1978,WISCONSIN,2,ROBERT W KASTENMEIER,DEMOCRAT,99631,172762
1978,WISCONSIN,2,WRITEIN,,22,172762
1978,WISCONSIN,3,ALVIN BALDUS,DEMOCRAT,96326,153412
1978,WISCONSIN,3,MICHAEL STEVEN ELLIS,REPUBLICAN,57060,153412
1978,WISCONSIN,3,WRITEIN,,26,153412
1978,WISCONSIN,4,CLEMENT J ZABLOCKI,DEMOCRAT,101575,153703
1978,WISCONSIN,4,ELROY CHARLES HONADEL,REPUBLICAN,52125,153703
1978,WISCONSIN,4,WRITEIN,,3,153703
1978,WISCONSIN,5,HENRY S REUSS,DEMOCRAT,85067,116420
1978,WISCONSIN,5,JAMES R W MEDINA,REPUBLICAN,30185,116420
1978,WISCONSIN,5,JOHN EDWARD SOKOLY,INDEPENDENT,386,116420
1978,WISCONSIN,5,PAUL GREENBERG,INDEPENDENT,779,116420
1978,WISCONSIN,5,WRITEIN,,3,116420
1978,WISCONSIN,6,GORDON PONSCHOCK,CONSERVATIVE,1287,164817
1978,WISCONSIN,6,ROBERT J STEFFES,DEMOCRAT,48785,164817
1978,WISCONSIN,6,WILLIAM A STEIGER,REPUBLICAN,114742,164817
1978,WISCONSIN,6,WRITEIN,,3,164817
1978,WISCONSIN,7,DAVID R OBEY,DEMOCRAT,110874,178304
1978,WISCONSIN,7,GEORGE OLISHKEWYCH,CONSERVATIVE,1678,178304
1978,WISCONSIN,7,VINTON A VESTA,REPUBLICAN,65750,178304
1978,WISCONSIN,7,WRITEIN,,2,178304
1978,WISCONSIN,8,ROBERT J CORNELL,DEMOCRAT,73925,175791
1978,WISCONSIN,8,TOBY ROTH,REPUBLICAN,101856,175791
1978,WISCONSIN,8,WRITEIN,,10,175791
1978,WISCONSIN,9,F JAMES SENSENBRENNER,REPUBLICAN,118386,193688
1978,WISCONSIN,9,MATTHEW J FLYNN,DEMOCRAT,75207,193688
1978,WISCONSIN,9,WRITEIN,,95,193688
1978,WYOMING,0,RICHARD BRUCE CHENEY,REPUBLICAN,75855,129377
1978,WYOMING,0,WILLIAM D BAGLEY,DEMOCRAT,53522,129377